#
# TABLE STRUCTURE FOR: acuerdos_servicios
#

DROP TABLE IF EXISTS acuerdos_servicios;

CREATE TABLE `acuerdos_servicios` (
  `acuerdos_servicios_id` int(11) NOT NULL AUTO_INCREMENT,
  `servicio_id` bigint(20) NOT NULL,
  `porcentaje_disponibilidad` int(11) DEFAULT NULL,
  `horas_fiabilidad` int(11) DEFAULT NULL,
  `horas_confiabilidad` int(11) DEFAULT NULL,
  `borrado` tinyint(1) NOT NULL,
  PRIMARY KEY (`acuerdos_servicios_id`),
  KEY `fk_acuerdos_servicios_servicio1_idx` (`servicio_id`),
  CONSTRAINT `fk_acuerdos_servicios_servicio1` FOREIGN KEY (`servicio_id`) REFERENCES `servicio` (`servicio_id`) ON DELETE NO ACTION ON UPDATE NO ACTION
) ENGINE=InnoDB DEFAULT CHARSET=utf8;

#
# TABLE STRUCTURE FOR: arrendamiento
#

DROP TABLE IF EXISTS arrendamiento;

CREATE TABLE `arrendamiento` (
  `arrendamiento_id` bigint(20) NOT NULL AUTO_INCREMENT,
  `nombre` varchar(100) NOT NULL,
  `costo` double NOT NULL COMMENT 'Costo en la moneda que dicte la información de la organización.',
  `fecha_inicial_vigencia` datetime NOT NULL COMMENT 'Fecha inicial de vigencia del arrendamiento',
  `esquema_tiempo` enum('mensual','trimestral','semestral','anual') NOT NULL COMMENT 'Esquema de tiempo seleccionado',
  `ma_motivo_id` bigint(20) NOT NULL,
  `borrado` tinyint(1) NOT NULL DEFAULT '0',
  PRIMARY KEY (`arrendamiento_id`),
  KEY `fk_arrendamiento_1_ma_motivo_idx` (`ma_motivo_id`),
  CONSTRAINT `fk_arrendamiento_1_ma_motivo` FOREIGN KEY (`ma_motivo_id`) REFERENCES `ma_motivo` (`ma_motivo_id`) ON DELETE CASCADE ON UPDATE CASCADE
) ENGINE=InnoDB AUTO_INCREMENT=4 DEFAULT CHARSET=utf8;

INSERT INTO arrendamiento (`arrendamiento_id`, `nombre`, `costo`, `fecha_inicial_vigencia`, `esquema_tiempo`, `ma_motivo_id`, `borrado`) VALUES (1, 'Arrendamiento 1', '23', '2014-05-21 00:00:00', 'trimestral', 3, 0);
INSERT INTO arrendamiento (`arrendamiento_id`, `nombre`, `costo`, `fecha_inicial_vigencia`, `esquema_tiempo`, `ma_motivo_id`, `borrado`) VALUES (2, 'prueba delete', '234', '2014-05-15 00:00:00', 'semestral', 1, 1);
INSERT INTO arrendamiento (`arrendamiento_id`, `nombre`, `costo`, `fecha_inicial_vigencia`, `esquema_tiempo`, `ma_motivo_id`, `borrado`) VALUES (3, 'arrre', '32', '2014-05-21 00:00:00', 'semestral', 3, 0);


#
# TABLE STRUCTURE FOR: categorias_riesgos
#

DROP TABLE IF EXISTS categorias_riesgos;

CREATE TABLE `categorias_riesgos` (
  `id_categoria` bigint(20) NOT NULL AUTO_INCREMENT,
  `categoria` varchar(200) NOT NULL,
  `descripcion` text NOT NULL,
  PRIMARY KEY (`id_categoria`)
) ENGINE=InnoDB AUTO_INCREMENT=10 DEFAULT CHARSET=utf8;

INSERT INTO categorias_riesgos (`id_categoria`, `categoria`, `descripcion`) VALUES (1, 'Desastres naturales', 'Eventos o fenómenos de factor climático o de la naturaleza que ocurren de forma al azar y representan un riesgo o amenaza para la organización.');
INSERT INTO categorias_riesgos (`id_categoria`, `categoria`, `descripcion`) VALUES (2, 'Daños accidentales', 'Eventos de ocurren de forma fortuita, sin intención alguna pero que de igual forma representan un riesgo o amenaza para la organización.');
INSERT INTO categorias_riesgos (`id_categoria`, `categoria`, `descripcion`) VALUES (3, 'Humano intencionado interno', 'Amenaza o riesgo efectuado de manera intencional por personal interno de la organización ');
INSERT INTO categorias_riesgos (`id_categoria`, `categoria`, `descripcion`) VALUES (4, 'Humano intencionado externo', 'Amenaza o riesgo efectuado de manera intencional por personal externo a la organización ');
INSERT INTO categorias_riesgos (`id_categoria`, `categoria`, `descripcion`) VALUES (6, 'Humano no intencionado externo', 'Amenaza o riesgo efectuado de manera no intencional por personal externo de la organización');
INSERT INTO categorias_riesgos (`id_categoria`, `categoria`, `descripcion`) VALUES (9, 'Humano no intencionado interno', 'Amenaza o riesgo efectuado de manera no intencional por personal interno de la organización');


#
# TABLE STRUCTURE FOR: componente_ti
#

DROP TABLE IF EXISTS componente_ti;

CREATE TABLE `componente_ti` (
  `componente_ti_id` bigint(20) NOT NULL AUTO_INCREMENT COMMENT 'Clave primaria',
  `ma_unidad_medida_id` bigint(20) NOT NULL,
  `fecha_compra` datetime DEFAULT NULL COMMENT 'Fecha en la cual se adquierió',
  `fecha_elaboracion` datetime DEFAULT NULL COMMENT 'Fecha en la cual fue',
  `fecha_creacion` datetime NOT NULL,
  `tiempo_vida` int(11) DEFAULT '0' COMMENT 'Cantidad de días/meses/años que durá un it',
  `unidad_tiempo_vida` enum('AA','MM','DD','NA') NOT NULL DEFAULT 'NA' COMMENT 'Unidad asocidada al tiempo de vida, donde,',
  `fecha_hasta` datetime DEFAULT NULL,
  `precio` double NOT NULL COMMENT 'precio del ítem',
  `capacidad` double NOT NULL DEFAULT '0' COMMENT 'Capacidad del ítem.',
  `nombre` varchar(50) NOT NULL,
  `descripcion` varchar(200) NOT NULL,
  `cantidad` int(11) NOT NULL DEFAULT '0',
  `cantidad_disponible` int(11) NOT NULL,
  `tipo_asignacion` enum('MULT','UNI') NOT NULL DEFAULT 'UNI' COMMENT 'Indica si un componente',
  `activa` enum('ON','OFF') NOT NULL DEFAULT 'ON' COMMENT 'Permite identificar si ',
  `borrado` tinyint(1) NOT NULL DEFAULT '0' COMMENT 'Fecha de fin del tiempo de vida',
  PRIMARY KEY (`componente_ti_id`),
  KEY `fk_inventario_ti_detalle_1_ma_unidad_medida_idx` (`ma_unidad_medida_id`),
  CONSTRAINT `fk_inventario_ti_detalle_1_ma_unidad_medida` FOREIGN KEY (`ma_unidad_medida_id`) REFERENCES `ma_unidad_medida` (`ma_unidad_medida_id`) ON DELETE CASCADE ON UPDATE CASCADE
) ENGINE=InnoDB AUTO_INCREMENT=4 DEFAULT CHARSET=utf8 COMMENT='Detalle de los Componentes de TI.';

INSERT INTO componente_ti (`componente_ti_id`, `ma_unidad_medida_id`, `fecha_compra`, `fecha_elaboracion`, `fecha_creacion`, `tiempo_vida`, `unidad_tiempo_vida`, `fecha_hasta`, `precio`, `capacidad`, `nombre`, `descripcion`, `cantidad`, `cantidad_disponible`, `tipo_asignacion`, `activa`, `borrado`) VALUES (1, 15, '2014-05-15 00:00:00', '2014-05-21 00:00:00', '2014-05-20 13:09:57', 8, 'MM', '2015-01-20 13:09:57', '43', '34', 'fsdf', 'fsdf', 34, 32, 'UNI', 'ON', 0);
INSERT INTO componente_ti (`componente_ti_id`, `ma_unidad_medida_id`, `fecha_compra`, `fecha_elaboracion`, `fecha_creacion`, `tiempo_vida`, `unidad_tiempo_vida`, `fecha_hasta`, `precio`, `capacidad`, `nombre`, `descripcion`, `cantidad`, `cantidad_disponible`, `tipo_asignacion`, `activa`, `borrado`) VALUES (2, 6, '2014-06-30 00:00:00', '2014-07-03 00:00:00', '2014-06-30 14:05:35', 6, 'DD', '2014-07-06 14:05:35', '345', '12', 'comp casi vencido', 'dff', 12, 12, 'UNI', 'ON', 0);
INSERT INTO componente_ti (`componente_ti_id`, `ma_unidad_medida_id`, `fecha_compra`, `fecha_elaboracion`, `fecha_creacion`, `tiempo_vida`, `unidad_tiempo_vida`, `fecha_hasta`, `precio`, `capacidad`, `nombre`, `descripcion`, `cantidad`, `cantidad_disponible`, `tipo_asignacion`, `activa`, `borrado`) VALUES (3, 10, '2014-06-30 00:00:00', '2014-06-30 00:00:00', '2014-06-30 14:06:32', 2, 'DD', '2014-07-02 14:06:32', '2323', '32', 'otro comp casi vencido', 'dfdfdfdf', 1, 1, 'MULT', 'ON', 0);


#
# TABLE STRUCTURE FOR: departamento
#

DROP TABLE IF EXISTS departamento;

CREATE TABLE `departamento` (
  `departamento_id` bigint(20) NOT NULL AUTO_INCREMENT,
  `nombre` varchar(100) NOT NULL,
  `icono_fa` varchar(50) NOT NULL,
  `descripcion` varchar(200) DEFAULT NULL,
  `borrado` tinyint(1) NOT NULL DEFAULT '0' COMMENT 'Ícono de FontAwesom',
  PRIMARY KEY (`departamento_id`)
) ENGINE=InnoDB AUTO_INCREMENT=3 DEFAULT CHARSET=utf8 COMMENT='Su función es llevar el control de los servicios que se encuentran asociados a los departamentos.';

INSERT INTO departamento (`departamento_id`, `nombre`, `icono_fa`, `descripcion`, `borrado`) VALUES (1, 'dpto1', 'fa-desktop', 'sfsdf', 0);
INSERT INTO departamento (`departamento_id`, `nombre`, `icono_fa`, `descripcion`, `borrado`) VALUES (2, 'dpto 2', 'fa-gavel', 'dfd', 0);


#
# TABLE STRUCTURE FOR: departamento_direccion
#

DROP TABLE IF EXISTS departamento_direccion;

CREATE TABLE `departamento_direccion` (
  `departamento_direccion_id` bigint(20) NOT NULL AUTO_INCREMENT,
  `departamento_id` bigint(20) NOT NULL,
  `direccion_mac` varchar(200) NOT NULL COMMENT 'Direcciones de mac de',
  `borrado` tinyint(1) NOT NULL DEFAULT '0',
  PRIMARY KEY (`departamento_direccion_id`),
  KEY `fk_departamento_direccion_1_departamento_idx` (`departamento_id`),
  CONSTRAINT `fk_departamento_direccion_1_departamento` FOREIGN KEY (`departamento_id`) REFERENCES `departamento` (`departamento_id`) ON DELETE CASCADE ON UPDATE CASCADE
) ENGINE=InnoDB DEFAULT CHARSET=utf8 COMMENT='Direcciones mac asociadas a los departamentos.';

#
# TABLE STRUCTURE FOR: departamento_servicio
#

DROP TABLE IF EXISTS departamento_servicio;

CREATE TABLE `departamento_servicio` (
  `departamento_id` bigint(20) NOT NULL COMMENT 'Clave primaria',
  `servicio_id` bigint(20) NOT NULL COMMENT 'FK servicio',
  `borrado` tinyint(1) NOT NULL DEFAULT '0',
  PRIMARY KEY (`departamento_id`,`servicio_id`),
  KEY `fk_departamento_servicio_1_servicio_idx` (`servicio_id`),
  CONSTRAINT `fk_departamento_servicio_1_departamento` FOREIGN KEY (`departamento_id`) REFERENCES `departamento` (`departamento_id`) ON DELETE CASCADE ON UPDATE CASCADE,
  CONSTRAINT `fk_departamento_servicio_1_servicio` FOREIGN KEY (`servicio_id`) REFERENCES `servicio` (`servicio_id`) ON DELETE CASCADE ON UPDATE CASCADE
) ENGINE=InnoDB DEFAULT CHARSET=utf8 COMMENT='Relación entre la tabla "servicio" y "departamento"';

#
# TABLE STRUCTURE FOR: disponibilidad
#

DROP TABLE IF EXISTS disponibilidad;

CREATE TABLE `disponibilidad` (
  `disponibilidad_id` bigint(20) NOT NULL AUTO_INCREMENT,
  `servicio_historial_id` bigint(20) NOT NULL,
  `servicio_id` bigint(20) NOT NULL,
  `descripcion` varchar(300) DEFAULT NULL,
  `tiempo_medio_fallos` int(11) NOT NULL,
  `calculo_disponibilidad` int(11) NOT NULL,
  `calculo_fiabilidad` int(11) NOT NULL,
  `calculo_confiabilidad` int(11) NOT NULL,
  `borrado` tinyint(1) NOT NULL DEFAULT '0',
  PRIMARY KEY (`disponibilidad_id`),
  KEY `fk_disponibilidad_1_servicio_historial_idx` (`servicio_historial_id`),
  KEY `fk_disponibilidad_2_servicio_idx` (`servicio_id`),
  CONSTRAINT `fk_disponibilidad_1_servicio_historial` FOREIGN KEY (`servicio_historial_id`) REFERENCES `servicio_historial` (`servicio_historial_id`) ON DELETE CASCADE ON UPDATE CASCADE,
  CONSTRAINT `fk_disponibilidad_2_servicio` FOREIGN KEY (`servicio_id`) REFERENCES `servicio` (`servicio_id`) ON DELETE CASCADE ON UPDATE CASCADE
) ENGINE=InnoDB DEFAULT CHARSET=utf8;

#
# TABLE STRUCTURE FOR: equipo_pcn
#

DROP TABLE IF EXISTS equipo_pcn;

CREATE TABLE `equipo_pcn` (
  `id_equipo` bigint(20) NOT NULL AUTO_INCREMENT,
  `id_tipo` bigint(20) NOT NULL,
  `nombre_equipo` varchar(30) DEFAULT NULL,
  `equipo` varchar(20) NOT NULL,
  `fecha_modificacion` timestamp NOT NULL DEFAULT CURRENT_TIMESTAMP ON UPDATE CURRENT_TIMESTAMP,
  `fecha_creacion` datetime NOT NULL,
  PRIMARY KEY (`id_equipo`),
  KEY `id_tipo` (`id_tipo`),
  CONSTRAINT `equipo_pcn_ibfk_1` FOREIGN KEY (`id_tipo`) REFERENCES `tipoequipos_pcn` (`id_tipo`) ON DELETE CASCADE ON UPDATE CASCADE
) ENGINE=InnoDB AUTO_INCREMENT=13 DEFAULT CHARSET=utf8;

INSERT INTO equipo_pcn (`id_equipo`, `id_tipo`, `nombre_equipo`, `equipo`, `fecha_modificacion`, `fecha_creacion`) VALUES (1, 1, 'crisis1', '1,3,4', '2014-08-06 13:17:38', '2014-08-06 13:17:38');
INSERT INTO equipo_pcn (`id_equipo`, `id_tipo`, `nombre_equipo`, `equipo`, `fecha_modificacion`, `fecha_creacion`) VALUES (2, 1, 'crisis2', '7,6,5', '2014-08-06 13:17:49', '2014-08-06 13:17:49');
INSERT INTO equipo_pcn (`id_equipo`, `id_tipo`, `nombre_equipo`, `equipo`, `fecha_modificacion`, `fecha_creacion`) VALUES (3, 2, 'recuperacion1', '7,3,5', '2014-08-07 11:52:19', '2014-08-07 11:52:19');
INSERT INTO equipo_pcn (`id_equipo`, `id_tipo`, `nombre_equipo`, `equipo`, `fecha_modificacion`, `fecha_creacion`) VALUES (4, 2, 'recuperacion2', '6,7', '2014-08-07 11:52:30', '2014-08-07 11:52:30');
INSERT INTO equipo_pcn (`id_equipo`, `id_tipo`, `nombre_equipo`, `equipo`, `fecha_modificacion`, `fecha_creacion`) VALUES (5, 3, 'logistica1', '1', '2014-08-07 12:03:54', '2014-08-07 12:03:54');
INSERT INTO equipo_pcn (`id_equipo`, `id_tipo`, `nombre_equipo`, `equipo`, `fecha_modificacion`, `fecha_creacion`) VALUES (6, 3, 'logistica2', '3,4', '2014-08-07 12:04:08', '2014-08-07 12:04:08');
INSERT INTO equipo_pcn (`id_equipo`, `id_tipo`, `nombre_equipo`, `equipo`, `fecha_modificacion`, `fecha_creacion`) VALUES (7, 4, 'rrpp1', '5,1', '2014-08-07 12:04:25', '2014-08-07 12:04:25');
INSERT INTO equipo_pcn (`id_equipo`, `id_tipo`, `nombre_equipo`, `equipo`, `fecha_modificacion`, `fecha_creacion`) VALUES (8, 4, 'rrpp2', '7,6', '2014-08-07 12:04:37', '2014-08-07 12:04:37');
INSERT INTO equipo_pcn (`id_equipo`, `id_tipo`, `nombre_equipo`, `equipo`, `fecha_modificacion`, `fecha_creacion`) VALUES (9, 5, 'pruebas1', '7,6,3', '2014-08-07 12:05:08', '2014-08-07 12:05:08');
INSERT INTO equipo_pcn (`id_equipo`, `id_tipo`, `nombre_equipo`, `equipo`, `fecha_modificacion`, `fecha_creacion`) VALUES (10, 5, 'pruebas2', '7,6,5', '2014-08-07 12:05:26', '2014-08-07 12:05:26');
INSERT INTO equipo_pcn (`id_equipo`, `id_tipo`, `nombre_equipo`, `equipo`, `fecha_modificacion`, `fecha_creacion`) VALUES (12, 1, 'crisis3', '6,5', '2014-09-28 14:12:59', '2014-09-28 14:12:59');


#
# TABLE STRUCTURE FOR: estrategias_recuperacion
#

DROP TABLE IF EXISTS estrategias_recuperacion;

CREATE TABLE `estrategias_recuperacion` (
  `id_estrategia` bigint(20) NOT NULL AUTO_INCREMENT,
  `id_tipoestrategia` bigint(20) NOT NULL,
  `denominacion` varchar(100) NOT NULL,
  `costo` varchar(100) NOT NULL,
  `hardware` varchar(300) NOT NULL,
  `telecom` varchar(300) NOT NULL,
  `fecha_inicio` date NOT NULL,
  `fecha_fin` date NOT NULL,
  `localizacion` varchar(300) NOT NULL,
  `acotaciones` text NOT NULL,
  `fecha_creacion` datetime NOT NULL,
  `fecha_modificacion` timestamp NOT NULL DEFAULT CURRENT_TIMESTAMP ON UPDATE CURRENT_TIMESTAMP,
  PRIMARY KEY (`id_estrategia`),
  KEY `id_tipoestrategia` (`id_tipoestrategia`),
  CONSTRAINT `estrategias_recuperacion_ibfk_1` FOREIGN KEY (`id_tipoestrategia`) REFERENCES `tipo_estrategiasrecuperacion` (`id_tipoestrategia`) ON DELETE CASCADE ON UPDATE CASCADE
) ENGINE=InnoDB AUTO_INCREMENT=5 DEFAULT CHARSET=utf8;

INSERT INTO estrategias_recuperacion (`id_estrategia`, `id_tipoestrategia`, `denominacion`, `costo`, `hardware`, `telecom`, `fecha_inicio`, `fecha_fin`, `localizacion`, `acotaciones`, `fecha_creacion`, `fecha_modificacion`) VALUES (2, 1, 'Recuperación en frio', '25000', 'Llevar los servidores y monitores propios de f6rnando inc', 'Llevar modems, routers y cables propios', '2014-09-01', '2015-09-01', 'Planta baja del edificio de la compañía, local 231-5', '', '0000-00-00 00:00:00', '2014-09-29 14:37:29');
INSERT INTO estrategias_recuperacion (`id_estrategia`, `id_tipoestrategia`, `denominacion`, `costo`, `hardware`, `telecom`, `fecha_inicio`, `fecha_fin`, `localizacion`, `acotaciones`, `fecha_creacion`, `fecha_modificacion`) VALUES (3, 1, 'Recuperación en frio externo', '35000', 'Llevar los servidores y monitores propios de f6rnando inc', 'Llevar modems, routers y cables propios', '2014-08-01', '2014-10-31', 'Edificio B de la compañía, planta baja, local 125-84', 'Moverse rápido', '0000-00-00 00:00:00', '2014-09-29 14:38:41');
INSERT INTO estrategias_recuperacion (`id_estrategia`, `id_tipoestrategia`, `denominacion`, `costo`, `hardware`, `telecom`, `fecha_inicio`, `fecha_fin`, `localizacion`, `acotaciones`, `fecha_creacion`, `fecha_modificacion`) VALUES (4, 2, 'Recuperación warm oficina superior', '10000', 'Llevar los servidores y monitores propios de f6rnando inc', 'Llevar modems, routers y cables propios', '2014-09-17', '2014-09-30', 'Edificio A de la compañía, piso 3, oficina 21', '', '0000-00-00 00:00:00', '2014-09-29 14:40:23');


#
# TABLE STRUCTURE FOR: estructura_costo
#

DROP TABLE IF EXISTS estructura_costo;

CREATE TABLE `estructura_costo` (
  `estructura_costo_id` bigint(20) NOT NULL AUTO_INCREMENT,
  `mes` int(11) NOT NULL,
  `anio` int(11) NOT NULL,
  `fecha_creacion` datetime NOT NULL COMMENT 'Se crearán mensualmente',
  PRIMARY KEY (`estructura_costo_id`)
) ENGINE=InnoDB AUTO_INCREMENT=117 DEFAULT CHARSET=utf8 COMMENT='Permite almacenar la contabilización total de los costos. Incluyendo los costos indirectos. De manera que esta información es la que se';

INSERT INTO estructura_costo (`estructura_costo_id`, `mes`, `anio`, `fecha_creacion`) VALUES (108, 6, 2014, '2014-06-30 14:34:50');
INSERT INTO estructura_costo (`estructura_costo_id`, `mes`, `anio`, `fecha_creacion`) VALUES (109, 7, 2014, '2014-06-30 14:34:50');
INSERT INTO estructura_costo (`estructura_costo_id`, `mes`, `anio`, `fecha_creacion`) VALUES (110, 8, 2014, '2014-06-30 14:34:50');
INSERT INTO estructura_costo (`estructura_costo_id`, `mes`, `anio`, `fecha_creacion`) VALUES (111, 9, 2014, '2014-06-30 14:34:50');
INSERT INTO estructura_costo (`estructura_costo_id`, `mes`, `anio`, `fecha_creacion`) VALUES (112, 10, 2014, '2014-06-30 14:34:50');
INSERT INTO estructura_costo (`estructura_costo_id`, `mes`, `anio`, `fecha_creacion`) VALUES (113, 11, 2014, '2014-06-30 14:34:51');
INSERT INTO estructura_costo (`estructura_costo_id`, `mes`, `anio`, `fecha_creacion`) VALUES (114, 12, 2014, '2014-06-30 14:34:51');
INSERT INTO estructura_costo (`estructura_costo_id`, `mes`, `anio`, `fecha_creacion`) VALUES (115, 1, 2015, '2014-06-30 14:35:02');
INSERT INTO estructura_costo (`estructura_costo_id`, `mes`, `anio`, `fecha_creacion`) VALUES (116, 5, 2014, '2014-07-02 14:22:05');


#
# TABLE STRUCTURE FOR: estructura_costo_item
#

DROP TABLE IF EXISTS estructura_costo_item;

CREATE TABLE `estructura_costo_item` (
  `estructura_costo_item_id` bigint(20) NOT NULL AUTO_INCREMENT,
  `estructura_costo_id` bigint(20) NOT NULL COMMENT 'fk estrucutura_costo',
  `ma_categoria_id` bigint(20) NOT NULL COMMENT 'fk ma_categoria ',
  `total_capacidad` bigint(20) NOT NULL COMMENT 'Capacidad total expresado',
  `total_monetario` double NOT NULL COMMENT 'Total monetario que',
  `total_monetario_cost_ind` double NOT NULL COMMENT 'Total monetario por concepto de costos ',
  `cantidad_items` bigint(20) NOT NULL COMMENT 'Cantidad de items que',
  PRIMARY KEY (`estructura_costo_item_id`),
  KEY `fk_estructura_costo_item_1_estructura_costo_idx` (`estructura_costo_id`),
  KEY `fk_estructura_costo_item_2_ma_categoria_idx` (`ma_categoria_id`),
  CONSTRAINT `fk_estructura_costo_item_1_estructura_costo` FOREIGN KEY (`estructura_costo_id`) REFERENCES `estructura_costo` (`estructura_costo_id`) ON DELETE CASCADE ON UPDATE CASCADE,
  CONSTRAINT `fk_estructura_costo_item_2_ma_categoria` FOREIGN KEY (`ma_categoria_id`) REFERENCES `ma_categoria` (`ma_categoria_id`) ON DELETE CASCADE ON UPDATE CASCADE
) ENGINE=InnoDB AUTO_INCREMENT=125 DEFAULT CHARSET=utf8;

INSERT INTO estructura_costo_item (`estructura_costo_item_id`, `estructura_costo_id`, `ma_categoria_id`, `total_capacidad`, `total_monetario`, `total_monetario_cost_ind`, `cantidad_items`) VALUES (112, 108, 4, 1241245548544, '1462', '1155.6666666667', 1);
INSERT INTO estructura_costo_item (`estructura_costo_item_id`, `estructura_costo_id`, `ma_categoria_id`, `total_capacidad`, `total_monetario`, `total_monetario_cost_ind`, `cantidad_items`) VALUES (113, 108, 2, 150994944, '4140', '1155.6666666667', 1);
INSERT INTO estructura_costo_item (`estructura_costo_item_id`, `estructura_costo_id`, `ma_categoria_id`, `total_capacidad`, `total_monetario`, `total_monetario_cost_ind`, `cantidad_items`) VALUES (114, 108, 3, 32000000, '2323', '1155.6666666667', 1);
INSERT INTO estructura_costo_item (`estructura_costo_item_id`, `estructura_costo_id`, `ma_categoria_id`, `total_capacidad`, `total_monetario`, `total_monetario_cost_ind`, `cantidad_items`) VALUES (115, 109, 4, 1241245548544, '1462', '4.3333333333333', 1);
INSERT INTO estructura_costo_item (`estructura_costo_item_id`, `estructura_costo_id`, `ma_categoria_id`, `total_capacidad`, `total_monetario`, `total_monetario_cost_ind`, `cantidad_items`) VALUES (116, 109, 2, 150994944, '4140', '4.3333333333333', 1);
INSERT INTO estructura_costo_item (`estructura_costo_item_id`, `estructura_costo_id`, `ma_categoria_id`, `total_capacidad`, `total_monetario`, `total_monetario_cost_ind`, `cantidad_items`) VALUES (117, 109, 3, 32000000, '2323', '4.3333333333333', 1);
INSERT INTO estructura_costo_item (`estructura_costo_item_id`, `estructura_costo_id`, `ma_categoria_id`, `total_capacidad`, `total_monetario`, `total_monetario_cost_ind`, `cantidad_items`) VALUES (118, 110, 4, 1241245548544, '1462', '13', 1);
INSERT INTO estructura_costo_item (`estructura_costo_item_id`, `estructura_costo_id`, `ma_categoria_id`, `total_capacidad`, `total_monetario`, `total_monetario_cost_ind`, `cantidad_items`) VALUES (119, 111, 4, 1241245548544, '1462', '13', 1);
INSERT INTO estructura_costo_item (`estructura_costo_item_id`, `estructura_costo_id`, `ma_categoria_id`, `total_capacidad`, `total_monetario`, `total_monetario_cost_ind`, `cantidad_items`) VALUES (120, 112, 4, 1241245548544, '1462', '13', 1);
INSERT INTO estructura_costo_item (`estructura_costo_item_id`, `estructura_costo_id`, `ma_categoria_id`, `total_capacidad`, `total_monetario`, `total_monetario_cost_ind`, `cantidad_items`) VALUES (121, 113, 4, 1241245548544, '1462', '13', 1);
INSERT INTO estructura_costo_item (`estructura_costo_item_id`, `estructura_costo_id`, `ma_categoria_id`, `total_capacidad`, `total_monetario`, `total_monetario_cost_ind`, `cantidad_items`) VALUES (122, 114, 4, 1241245548544, '1462', '13', 1);
INSERT INTO estructura_costo_item (`estructura_costo_item_id`, `estructura_costo_id`, `ma_categoria_id`, `total_capacidad`, `total_monetario`, `total_monetario_cost_ind`, `cantidad_items`) VALUES (123, 115, 4, 1241245548544, '1462', '13', 1);
INSERT INTO estructura_costo_item (`estructura_costo_item_id`, `estructura_costo_id`, `ma_categoria_id`, `total_capacidad`, `total_monetario`, `total_monetario_cost_ind`, `cantidad_items`) VALUES (124, 116, 4, 1241245548544, '1462', '45', 1);


#
# TABLE STRUCTURE FOR: eventos
#

DROP TABLE IF EXISTS eventos;

CREATE TABLE `eventos` (
  `id` int(11) NOT NULL AUTO_INCREMENT,
  `title` varchar(200) DEFAULT NULL,
  `start` datetime DEFAULT NULL,
  `end` datetime DEFAULT NULL,
  `allDay` enum('true','false') DEFAULT 'false',
  `borrado` tinyint(1) NOT NULL,
  PRIMARY KEY (`id`)
) ENGINE=InnoDB AUTO_INCREMENT=2 DEFAULT CHARSET=utf8;

INSERT INTO eventos (`id`, `title`, `start`, `end`, `allDay`, `borrado`) VALUES (1, 'mantenimiento del acceso remoto', '2014-07-02 00:00:00', '2014-07-03 00:00:00', 'true', 0);


#
# TABLE STRUCTURE FOR: formacion
#

DROP TABLE IF EXISTS formacion;

CREATE TABLE `formacion` (
  `formacion_id` bigint(20) NOT NULL AUTO_INCREMENT,
  `descripcion_breve` varchar(200) NOT NULL COMMENT 'Breve descripción',
  `costo` double NOT NULL COMMENT 'Costo asociado a la formación',
  `fecha` datetime NOT NULL,
  `formacion_tipo_id` bigint(20) NOT NULL,
  `borrado` tinyint(1) NOT NULL DEFAULT '0',
  PRIMARY KEY (`formacion_id`),
  KEY `fk_formacion_1_formacion_tipo_idx` (`formacion_tipo_id`),
  CONSTRAINT `fk_formacion_1_formacion_tipo` FOREIGN KEY (`formacion_tipo_id`) REFERENCES `formacion_tipo` (`formacion_tipo_id`) ON DELETE CASCADE ON UPDATE CASCADE
) ENGINE=InnoDB AUTO_INCREMENT=2 DEFAULT CHARSET=utf8 COMMENT='Costos Indirectos relaacionados con la formación de personal.';

INSERT INTO formacion (`formacion_id`, `descripcion_breve`, `costo`, `fecha`, `formacion_tipo_id`, `borrado`) VALUES (1, '32423', '32', '2014-05-21 00:00:00', 3, 0);


#
# TABLE STRUCTURE FOR: formacion_tipo
#

DROP TABLE IF EXISTS formacion_tipo;

CREATE TABLE `formacion_tipo` (
  `formacion_tipo_id` bigint(20) NOT NULL AUTO_INCREMENT,
  `nombre` varchar(200) NOT NULL COMMENT 'Nombre del tipo de',
  PRIMARY KEY (`formacion_tipo_id`)
) ENGINE=InnoDB AUTO_INCREMENT=5 DEFAULT CHARSET=utf8 COMMENT='Tipos de formación';

INSERT INTO formacion_tipo (`formacion_tipo_id`, `nombre`) VALUES (1, 'Certificaciones');
INSERT INTO formacion_tipo (`formacion_tipo_id`, `nombre`) VALUES (2, 'Cursos');
INSERT INTO formacion_tipo (`formacion_tipo_id`, `nombre`) VALUES (3, 'Capacitación de usuario final');
INSERT INTO formacion_tipo (`formacion_tipo_id`, `nombre`) VALUES (4, 'Consultorías externas');


#
# TABLE STRUCTURE FOR: honorario
#

DROP TABLE IF EXISTS honorario;

CREATE TABLE `honorario` (
  `honorario_id` bigint(20) NOT NULL AUTO_INCREMENT,
  `nombre` varchar(200) NOT NULL,
  `costo` double NOT NULL,
  `numero_profesionales` int(11) NOT NULL,
  `fecha_desde` datetime NOT NULL COMMENT 'Inicio de fecha de vigencia',
  `fecha_hasta` datetime NOT NULL COMMENT 'Inicio de fecha de vigencia',
  `borrado` tinyint(1) NOT NULL DEFAULT '0',
  PRIMARY KEY (`honorario_id`)
) ENGINE=InnoDB AUTO_INCREMENT=2 DEFAULT CHARSET=utf8 COMMENT='Honoraios Profesionales';

INSERT INTO honorario (`honorario_id`, `nombre`, `costo`, `numero_profesionales`, `fecha_desde`, `fecha_hasta`, `borrado`) VALUES (1, 'prueba delete', '2', 2, '2014-05-21 00:00:00', '2014-05-22 00:00:00', 1);


#
# TABLE STRUCTURE FOR: incidencia
#

DROP TABLE IF EXISTS incidencia;

CREATE TABLE `incidencia` (
  `incidencia_id` bigint(20) NOT NULL AUTO_INCREMENT,
  `codigo` varchar(100) DEFAULT NULL,
  `descripcion` varchar(200) DEFAULT NULL,
  `servicio_id` bigint(20) NOT NULL,
  `fecha_deteccion` datetime NOT NULL COMMENT 'Fecha de detección de la incidencia',
  `fecha_reparacion` datetime DEFAULT NULL COMMENT 'Fecha de reparación de la incidencia',
  `fecha_restaurado` datetime DEFAULT NULL COMMENT 'Fecha de restaurado de la incidencia',
  `tiempo_caido` varchar(200) DEFAULT NULL COMMENT 'Cantidad que duró la caída del servicio.',
  `tiempo_retraso` varchar(200) DEFAULT NULL,
  `pro_crit_afect` int(11) DEFAULT NULL,
  `usuarios_afectados` int(11) DEFAULT NULL,
  `confiabilidad_informacion` int(11) DEFAULT NULL,
  `personal_recuperacion` int(11) DEFAULT NULL,
  `borrado` tinyint(1) NOT NULL DEFAULT '0',
  PRIMARY KEY (`incidencia_id`),
  KEY `fk_incidencia_1_servicio_idx` (`servicio_id`),
  CONSTRAINT `fk_incidencia_1_servicio` FOREIGN KEY (`servicio_id`) REFERENCES `servicio` (`servicio_id`) ON DELETE CASCADE ON UPDATE CASCADE
) ENGINE=InnoDB DEFAULT CHARSET=utf8 COMMENT='Registra las incidencias ocurridas';

#
# TABLE STRUCTURE FOR: inventario_componente_ti
#

DROP TABLE IF EXISTS inventario_componente_ti;

CREATE TABLE `inventario_componente_ti` (
  `inventario_componente_ti_id` bigint(20) NOT NULL AUTO_INCREMENT COMMENT 'Interrelacion de inventario_ti contra',
  `inventario_ti_id` bigint(20) NOT NULL,
  `componente_ti_id` bigint(20) NOT NULL,
  PRIMARY KEY (`inventario_componente_ti_id`),
  KEY `fk_inventario_componente_ti_1_inventario_ti_idx` (`inventario_ti_id`),
  KEY `fk_inventario_componente_ti_2_componente_ti_idx` (`componente_ti_id`),
  CONSTRAINT `fk_inventario_componente_ti_1_inventario_ti` FOREIGN KEY (`inventario_ti_id`) REFERENCES `inventario_ti` (`inventario_ti_id`) ON DELETE CASCADE ON UPDATE CASCADE,
  CONSTRAINT `fk_inventario_componente_ti_2_componente_ti` FOREIGN KEY (`componente_ti_id`) REFERENCES `componente_ti` (`componente_ti_id`) ON DELETE CASCADE ON UPDATE CASCADE
) ENGINE=InnoDB AUTO_INCREMENT=3 DEFAULT CHARSET=utf8 COMMENT='Un componente de TI pertenece a uno o más inventarios';

INSERT INTO inventario_componente_ti (`inventario_componente_ti_id`, `inventario_ti_id`, `componente_ti_id`) VALUES (1, 1, 1);
INSERT INTO inventario_componente_ti (`inventario_componente_ti_id`, `inventario_ti_id`, `componente_ti_id`) VALUES (2, 2, 1);


#
# TABLE STRUCTURE FOR: inventario_ti
#

DROP TABLE IF EXISTS inventario_ti;

CREATE TABLE `inventario_ti` (
  `inventario_ti_id` bigint(20) NOT NULL AUTO_INCREMENT,
  `departamento_id` bigint(20) NOT NULL,
  `fecha_creacion` datetime DEFAULT NULL,
  `borrado` tinyint(1) NOT NULL DEFAULT '0',
  PRIMARY KEY (`inventario_ti_id`),
  KEY `fk_inventario_ti_1_departamento_idx` (`departamento_id`),
  CONSTRAINT `fk_inventario_ti_1_departamento` FOREIGN KEY (`departamento_id`) REFERENCES `departamento` (`departamento_id`) ON DELETE CASCADE ON UPDATE CASCADE
) ENGINE=InnoDB AUTO_INCREMENT=3 DEFAULT CHARSET=utf8 COMMENT='Lleva el control de los elementos de tecnología de información que posea la organización.';

INSERT INTO inventario_ti (`inventario_ti_id`, `departamento_id`, `fecha_creacion`, `borrado`) VALUES (1, 1, '2014-05-20 13:10:10', 0);
INSERT INTO inventario_ti (`inventario_ti_id`, `departamento_id`, `fecha_creacion`, `borrado`) VALUES (2, 2, '2014-05-20 13:10:24', 0);


#
# TABLE STRUCTURE FOR: logros_rendimiento
#

DROP TABLE IF EXISTS logros_rendimiento;

CREATE TABLE `logros_rendimiento` (
  `logros_rendimiento_id` int(11) NOT NULL AUTO_INCREMENT,
  `servicio_id` bigint(20) NOT NULL,
  `impacto_logros` varchar(200) DEFAULT NULL,
  `descripcion_logros` varchar(200) DEFAULT NULL,
  `beneficio_logros` varchar(200) DEFAULT NULL,
  `costo_logros` double DEFAULT NULL,
  `borrado` tinyint(1) NOT NULL,
  PRIMARY KEY (`logros_rendimiento_id`),
  KEY `fk_logros_rendimiento_servicio1_idx` (`servicio_id`),
  CONSTRAINT `fk_logros_rendimiento_servicio1` FOREIGN KEY (`servicio_id`) REFERENCES `servicio` (`servicio_id`) ON DELETE NO ACTION ON UPDATE NO ACTION
) ENGINE=InnoDB DEFAULT CHARSET=utf8;

#
# TABLE STRUCTURE FOR: ma_categoria
#

DROP TABLE IF EXISTS ma_categoria;

CREATE TABLE `ma_categoria` (
  `ma_categoria_id` bigint(20) NOT NULL AUTO_INCREMENT,
  `nombre` varchar(45) DEFAULT NULL,
  `icono_fa` varchar(50) NOT NULL COMMENT 'Cadena que representa el',
  `valor_base` bigint(20) DEFAULT NULL COMMENT 'Valor base que corresponde a la unidad de medidad',
  PRIMARY KEY (`ma_categoria_id`)
) ENGINE=InnoDB AUTO_INCREMENT=7 DEFAULT CHARSET=utf8 COMMENT='Representa el maestro de las categorías las cuales se encuentran previamente cargadas';

INSERT INTO ma_categoria (`ma_categoria_id`, `nombre`, `icono_fa`, `valor_base`) VALUES (1, 'Procesador', 'fa-cogs', 1024);
INSERT INTO ma_categoria (`ma_categoria_id`, `nombre`, `icono_fa`, `valor_base`) VALUES (2, 'Memoria', 'fa-eraser', 1024);
INSERT INTO ma_categoria (`ma_categoria_id`, `nombre`, `icono_fa`, `valor_base`) VALUES (3, 'Redes', 'fa-globe', 1000);
INSERT INTO ma_categoria (`ma_categoria_id`, `nombre`, `icono_fa`, `valor_base`) VALUES (4, 'Almacenamiento', 'fa-hdd-o', 1024);
INSERT INTO ma_categoria (`ma_categoria_id`, `nombre`, `icono_fa`, `valor_base`) VALUES (5, 'Licencia', 'fa-file-text-o', -1);
INSERT INTO ma_categoria (`ma_categoria_id`, `nombre`, `icono_fa`, `valor_base`) VALUES (6, 'Otros', 'fa-suitcase', -1);


#
# TABLE STRUCTURE FOR: ma_motivo
#

DROP TABLE IF EXISTS ma_motivo;

CREATE TABLE `ma_motivo` (
  `ma_motivo_id` bigint(20) NOT NULL AUTO_INCREMENT,
  `nombre` varchar(200) NOT NULL,
  `seccion` enum('arrendamiento','mantenimiento','formacion','honorarios','utileria') NOT NULL COMMENT 'Indica la sección de Costos Indirectos a la que pertenecen',
  PRIMARY KEY (`ma_motivo_id`)
) ENGINE=InnoDB AUTO_INCREMENT=16 DEFAULT CHARSET=utf8;

INSERT INTO ma_motivo (`ma_motivo_id`, `nombre`, `seccion`) VALUES (1, 'Servicio de Luz', 'arrendamiento');
INSERT INTO ma_motivo (`ma_motivo_id`, `nombre`, `seccion`) VALUES (2, 'Servicio de IPS', 'arrendamiento');
INSERT INTO ma_motivo (`ma_motivo_id`, `nombre`, `seccion`) VALUES (3, 'Llamadas telefónicas', 'arrendamiento');
INSERT INTO ma_motivo (`ma_motivo_id`, `nombre`, `seccion`) VALUES (4, 'Alquiler de equipos de TI', 'arrendamiento');
INSERT INTO ma_motivo (`ma_motivo_id`, `nombre`, `seccion`) VALUES (5, 'Otros', 'arrendamiento');
INSERT INTO ma_motivo (`ma_motivo_id`, `nombre`, `seccion`) VALUES (6, 'Instalación y configuración de los equipos de red', 'mantenimiento');
INSERT INTO ma_motivo (`ma_motivo_id`, `nombre`, `seccion`) VALUES (7, 'Soporte de Sistema Operativo', 'mantenimiento');
INSERT INTO ma_motivo (`ma_motivo_id`, `nombre`, `seccion`) VALUES (8, 'Afinación del desempeño y entonación del sistema', 'mantenimiento');
INSERT INTO ma_motivo (`ma_motivo_id`, `nombre`, `seccion`) VALUES (9, 'Investigación y planeación de sistemas', 'mantenimiento');
INSERT INTO ma_motivo (`ma_motivo_id`, `nombre`, `seccion`) VALUES (10, 'Evaluación y compra', 'mantenimiento');
INSERT INTO ma_motivo (`ma_motivo_id`, `nombre`, `seccion`) VALUES (11, 'Eliminación de Hardware', 'mantenimiento');
INSERT INTO ma_motivo (`ma_motivo_id`, `nombre`, `seccion`) VALUES (12, 'Respaldos y recuperación', 'mantenimiento');
INSERT INTO ma_motivo (`ma_motivo_id`, `nombre`, `seccion`) VALUES (13, 'Planeación de fallas', 'mantenimiento');
INSERT INTO ma_motivo (`ma_motivo_id`, `nombre`, `seccion`) VALUES (14, 'Soporte en general', 'mantenimiento');
INSERT INTO ma_motivo (`ma_motivo_id`, `nombre`, `seccion`) VALUES (15, 'Otros', 'mantenimiento');


#
# TABLE STRUCTURE FOR: ma_unidad_medida
#

DROP TABLE IF EXISTS ma_unidad_medida;

CREATE TABLE `ma_unidad_medida` (
  `ma_unidad_medida_id` bigint(20) NOT NULL AUTO_INCREMENT,
  `ma_categoria_id` bigint(20) NOT NULL COMMENT 'Clave foránea en ma_categoría',
  `nombre` varchar(45) NOT NULL COMMENT 'Nombre de la unidad de medida',
  `abrev_nombre` varchar(3) NOT NULL COMMENT 'Abreviatura del Nombre',
  `valor_nivel` bigint(20) NOT NULL COMMENT 'Representa el valor de la unidad expresado en una medida',
  PRIMARY KEY (`ma_unidad_medida_id`),
  KEY `fk_ma_unidad_medida_1_ma_categoria_idx` (`ma_categoria_id`),
  CONSTRAINT `fk_ma_unidad_medida_1_ma_categoria` FOREIGN KEY (`ma_categoria_id`) REFERENCES `ma_categoria` (`ma_categoria_id`) ON DELETE CASCADE ON UPDATE CASCADE
) ENGINE=InnoDB AUTO_INCREMENT=19 DEFAULT CHARSET=utf8 COMMENT='Registra todas las unidades de medidas que tendrá asociada un categoría';

INSERT INTO ma_unidad_medida (`ma_unidad_medida_id`, `ma_categoria_id`, `nombre`, `abrev_nombre`, `valor_nivel`) VALUES (1, 1, 'Kiloherzs', 'KH', 1);
INSERT INTO ma_unidad_medida (`ma_unidad_medida_id`, `ma_categoria_id`, `nombre`, `abrev_nombre`, `valor_nivel`) VALUES (2, 1, 'Megaherzs', 'MH', 2);
INSERT INTO ma_unidad_medida (`ma_unidad_medida_id`, `ma_categoria_id`, `nombre`, `abrev_nombre`, `valor_nivel`) VALUES (3, 1, 'Gigaherz', 'GH', 3);
INSERT INTO ma_unidad_medida (`ma_unidad_medida_id`, `ma_categoria_id`, `nombre`, `abrev_nombre`, `valor_nivel`) VALUES (4, 1, 'Teraherz', 'TH', 4);
INSERT INTO ma_unidad_medida (`ma_unidad_medida_id`, `ma_categoria_id`, `nombre`, `abrev_nombre`, `valor_nivel`) VALUES (5, 2, 'Kilobytes', 'KB', 1);
INSERT INTO ma_unidad_medida (`ma_unidad_medida_id`, `ma_categoria_id`, `nombre`, `abrev_nombre`, `valor_nivel`) VALUES (6, 2, 'Megabytes', 'MB', 2);
INSERT INTO ma_unidad_medida (`ma_unidad_medida_id`, `ma_categoria_id`, `nombre`, `abrev_nombre`, `valor_nivel`) VALUES (7, 2, 'Gigabytes', 'GB', 3);
INSERT INTO ma_unidad_medida (`ma_unidad_medida_id`, `ma_categoria_id`, `nombre`, `abrev_nombre`, `valor_nivel`) VALUES (8, 2, 'Terabytes', 'TB', 4);
INSERT INTO ma_unidad_medida (`ma_unidad_medida_id`, `ma_categoria_id`, `nombre`, `abrev_nombre`, `valor_nivel`) VALUES (9, 3, 'Kilobits', 'Kb', 1);
INSERT INTO ma_unidad_medida (`ma_unidad_medida_id`, `ma_categoria_id`, `nombre`, `abrev_nombre`, `valor_nivel`) VALUES (10, 3, 'Megabits', 'Mb', 2);
INSERT INTO ma_unidad_medida (`ma_unidad_medida_id`, `ma_categoria_id`, `nombre`, `abrev_nombre`, `valor_nivel`) VALUES (11, 3, 'Kilobits', 'Kb', 3);
INSERT INTO ma_unidad_medida (`ma_unidad_medida_id`, `ma_categoria_id`, `nombre`, `abrev_nombre`, `valor_nivel`) VALUES (12, 3, 'Terabits', 'Tb', 4);
INSERT INTO ma_unidad_medida (`ma_unidad_medida_id`, `ma_categoria_id`, `nombre`, `abrev_nombre`, `valor_nivel`) VALUES (13, 4, 'Kilobytes', 'KB', 1);
INSERT INTO ma_unidad_medida (`ma_unidad_medida_id`, `ma_categoria_id`, `nombre`, `abrev_nombre`, `valor_nivel`) VALUES (14, 4, 'Megabytes', 'MB', 2);
INSERT INTO ma_unidad_medida (`ma_unidad_medida_id`, `ma_categoria_id`, `nombre`, `abrev_nombre`, `valor_nivel`) VALUES (15, 4, 'Gigabytes', 'GB', 3);
INSERT INTO ma_unidad_medida (`ma_unidad_medida_id`, `ma_categoria_id`, `nombre`, `abrev_nombre`, `valor_nivel`) VALUES (16, 4, 'Terabytes', 'TB', 4);
INSERT INTO ma_unidad_medida (`ma_unidad_medida_id`, `ma_categoria_id`, `nombre`, `abrev_nombre`, `valor_nivel`) VALUES (17, 5, 'NA Licencia', 'NA', -1);
INSERT INTO ma_unidad_medida (`ma_unidad_medida_id`, `ma_categoria_id`, `nombre`, `abrev_nombre`, `valor_nivel`) VALUES (18, 6, 'NA Otros', 'NA', -1);


#
# TABLE STRUCTURE FOR: mantenimiento
#

DROP TABLE IF EXISTS mantenimiento;

CREATE TABLE `mantenimiento` (
  `mantenimiento_id` bigint(20) NOT NULL AUTO_INCREMENT,
  `tipo_operacion` enum('mantenimiento','instalación') NOT NULL COMMENT 'Dominio{mantenimiento, operacion}',
  `ma_motivo_id` bigint(20) NOT NULL,
  `costo` double NOT NULL COMMENT 'Costo de manimiento',
  `fecha` datetime NOT NULL COMMENT 'Fecha de mantenimiento',
  `departamento_id` bigint(20) NOT NULL COMMENT 'fk dpto',
  `ma_categoria_id` bigint(20) NOT NULL COMMENT 'fk categoria',
  `nombre` varchar(200) NOT NULL COMMENT 'Nombre del encargado de mantenimiento/instalación',
  `apellido` varchar(200) NOT NULL COMMENT 'Apellido del encargado de mantenimiento/instalación',
  `email` varchar(300) NOT NULL COMMENT 'Email del encargado de mantenimiento/instalación',
  `telefono` varchar(20) NOT NULL COMMENT 'Teléfono del encargado de mantenimiento/instalación',
  `borrado` tinyint(1) NOT NULL DEFAULT '0',
  `nombre_mantenimiento` varchar(200) NOT NULL,
  PRIMARY KEY (`mantenimiento_id`),
  KEY `fk_mantenimiento_1_ma_motivo_idx` (`ma_motivo_id`),
  KEY `fk_mantenimiento_2_departamento_idx` (`departamento_id`),
  KEY `fk_mantenimiento_3_ma_categoria_idx` (`ma_categoria_id`),
  CONSTRAINT `fk_mantenimiento_1_ma_motivo` FOREIGN KEY (`ma_motivo_id`) REFERENCES `ma_motivo` (`ma_motivo_id`) ON DELETE CASCADE ON UPDATE CASCADE,
  CONSTRAINT `fk_mantenimiento_2_departamento` FOREIGN KEY (`departamento_id`) REFERENCES `departamento` (`departamento_id`) ON DELETE CASCADE ON UPDATE CASCADE,
  CONSTRAINT `fk_mantenimiento_3_ma_categoria` FOREIGN KEY (`ma_categoria_id`) REFERENCES `ma_categoria` (`ma_categoria_id`) ON DELETE CASCADE ON UPDATE CASCADE
) ENGINE=InnoDB AUTO_INCREMENT=3 DEFAULT CHARSET=utf8;

INSERT INTO mantenimiento (`mantenimiento_id`, `tipo_operacion`, `ma_motivo_id`, `costo`, `fecha`, `departamento_id`, `ma_categoria_id`, `nombre`, `apellido`, `email`, `telefono`, `borrado`, `nombre_mantenimiento`) VALUES (1, 'instalación', 6, '345', '2014-05-21 00:00:00', 2, 2, 'Pepe', 'Castillo', 'kelgwi@mgdg.com', '342343', 0, '453');
INSERT INTO mantenimiento (`mantenimiento_id`, `tipo_operacion`, `ma_motivo_id`, `costo`, `fecha`, `departamento_id`, `ma_categoria_id`, `nombre`, `apellido`, `email`, `telefono`, `borrado`, `nombre_mantenimiento`) VALUES (2, 'mantenimiento', 9, '23', '2014-05-22 00:00:00', 2, 5, 'Pedow', 'df', 'erfsd@rsdfv', '324434', 1, 'prueba delete');


#
# TABLE STRUCTURE FOR: modulo_hijo
#

DROP TABLE IF EXISTS modulo_hijo;

CREATE TABLE `modulo_hijo` (
  `id_modulo_hijo` bigint(20) NOT NULL AUTO_INCREMENT,
  `id_modulo_padre` bigint(20) NOT NULL,
  `modulo_hijo` varchar(100) NOT NULL,
  PRIMARY KEY (`id_modulo_hijo`),
  KEY `id_modulo_padre` (`id_modulo_padre`),
  CONSTRAINT `modulo_hijo_ibfk_1` FOREIGN KEY (`id_modulo_padre`) REFERENCES `modulo_padre` (`id_modulo_padre`) ON DELETE CASCADE ON UPDATE CASCADE
) ENGINE=InnoDB AUTO_INCREMENT=21 DEFAULT CHARSET=utf8;

INSERT INTO modulo_hijo (`id_modulo_hijo`, `id_modulo_padre`, `modulo_hijo`) VALUES (1, 1, 'ver_usuario');
INSERT INTO modulo_hijo (`id_modulo_hijo`, `id_modulo_padre`, `modulo_hijo`) VALUES (2, 1, 'crear_usuario');
INSERT INTO modulo_hijo (`id_modulo_hijo`, `id_modulo_padre`, `modulo_hijo`) VALUES (3, 1, 'buscar_usuario');
INSERT INTO modulo_hijo (`id_modulo_hijo`, `id_modulo_padre`, `modulo_hijo`) VALUES (4, 1, 'eliminar_usuario');
INSERT INTO modulo_hijo (`id_modulo_hijo`, `id_modulo_padre`, `modulo_hijo`) VALUES (5, 1, 'editar_usuario');
INSERT INTO modulo_hijo (`id_modulo_hijo`, `id_modulo_padre`, `modulo_hijo`) VALUES (6, 8, 'cargar_personal');
INSERT INTO modulo_hijo (`id_modulo_hijo`, `id_modulo_padre`, `modulo_hijo`) VALUES (7, 8, 'agregar_personal');
INSERT INTO modulo_hijo (`id_modulo_hijo`, `id_modulo_padre`, `modulo_hijo`) VALUES (8, 8, 'editar_personal');
INSERT INTO modulo_hijo (`id_modulo_hijo`, `id_modulo_padre`, `modulo_hijo`) VALUES (9, 8, 'eliminar_personal');
INSERT INTO modulo_hijo (`id_modulo_hijo`, `id_modulo_padre`, `modulo_hijo`) VALUES (10, 4, 'continuidad_index');
INSERT INTO modulo_hijo (`id_modulo_hijo`, `id_modulo_padre`, `modulo_hijo`) VALUES (11, 4, 'continuidad_listadopcn');
INSERT INTO modulo_hijo (`id_modulo_hijo`, `id_modulo_padre`, `modulo_hijo`) VALUES (12, 4, 'continuidad_riesgos');
INSERT INTO modulo_hijo (`id_modulo_hijo`, `id_modulo_padre`, `modulo_hijo`) VALUES (13, 4, 'continuidad_listadocategorias');
INSERT INTO modulo_hijo (`id_modulo_hijo`, `id_modulo_padre`, `modulo_hijo`) VALUES (14, 4, 'continuidad_crearcategoria');
INSERT INTO modulo_hijo (`id_modulo_hijo`, `id_modulo_padre`, `modulo_hijo`) VALUES (15, 4, 'continuidad_modificarcategoria');
INSERT INTO modulo_hijo (`id_modulo_hijo`, `id_modulo_padre`, `modulo_hijo`) VALUES (16, 4, 'continuidad_eliminarcategoria');
INSERT INTO modulo_hijo (`id_modulo_hijo`, `id_modulo_padre`, `modulo_hijo`) VALUES (17, 4, 'continuidad_listadoriesgos');
INSERT INTO modulo_hijo (`id_modulo_hijo`, `id_modulo_padre`, `modulo_hijo`) VALUES (18, 4, 'continuidad_crearriesgos');
INSERT INTO modulo_hijo (`id_modulo_hijo`, `id_modulo_padre`, `modulo_hijo`) VALUES (19, 4, 'continuidad_modificarriesgos');
INSERT INTO modulo_hijo (`id_modulo_hijo`, `id_modulo_padre`, `modulo_hijo`) VALUES (20, 4, 'continuidad_eliminarriesgos');


#
# TABLE STRUCTURE FOR: modulo_padre
#

DROP TABLE IF EXISTS modulo_padre;

CREATE TABLE `modulo_padre` (
  `id_modulo_padre` bigint(20) NOT NULL AUTO_INCREMENT,
  `modulo_padre` varchar(100) NOT NULL,
  PRIMARY KEY (`id_modulo_padre`)
) ENGINE=InnoDB AUTO_INCREMENT=10 DEFAULT CHARSET=utf8;

INSERT INTO modulo_padre (`id_modulo_padre`, `modulo_padre`) VALUES (1, 'usuario');
INSERT INTO modulo_padre (`id_modulo_padre`, `modulo_padre`) VALUES (2, 'operaciones');
INSERT INTO modulo_padre (`id_modulo_padre`, `modulo_padre`) VALUES (3, 'capacidad');
INSERT INTO modulo_padre (`id_modulo_padre`, `modulo_padre`) VALUES (4, 'continuidad');
INSERT INTO modulo_padre (`id_modulo_padre`, `modulo_padre`) VALUES (5, 'costos');
INSERT INTO modulo_padre (`id_modulo_padre`, `modulo_padre`) VALUES (6, 'disponibilidad');
INSERT INTO modulo_padre (`id_modulo_padre`, `modulo_padre`) VALUES (7, 'niveles_servicio');
INSERT INTO modulo_padre (`id_modulo_padre`, `modulo_padre`) VALUES (8, 'cargar_infraestructura');
INSERT INTO modulo_padre (`id_modulo_padre`, `modulo_padre`) VALUES (9, 'ajustes_sistema');


#
# TABLE STRUCTURE FOR: opciones_mejoras
#

DROP TABLE IF EXISTS opciones_mejoras;

CREATE TABLE `opciones_mejoras` (
  `opciones_mejoras_id` int(11) NOT NULL AUTO_INCREMENT,
  `servicio_id` bigint(20) NOT NULL,
  `impacto_mejoras` varchar(200) DEFAULT NULL,
  `descripcion_mejoras` varchar(200) DEFAULT NULL,
  `beneficio_mejoras` varchar(200) DEFAULT NULL,
  `costo_mejoras` double DEFAULT NULL,
  `borrado` tinyint(1) NOT NULL,
  PRIMARY KEY (`opciones_mejoras_id`),
  KEY `fk_opciones_mejoras_servicio1_idx` (`servicio_id`),
  CONSTRAINT `fk_opciones_mejoras_servicio1` FOREIGN KEY (`servicio_id`) REFERENCES `servicio` (`servicio_id`) ON DELETE NO ACTION ON UPDATE NO ACTION
) ENGINE=InnoDB DEFAULT CHARSET=utf8;

#
# TABLE STRUCTURE FOR: oportunidades_tecnologicas
#

DROP TABLE IF EXISTS oportunidades_tecnologicas;

CREATE TABLE `oportunidades_tecnologicas` (
  `oportunidades_tecnologicas_id` int(11) NOT NULL AUTO_INCREMENT,
  `descripcion` varchar(200) DEFAULT NULL,
  `area` varchar(50) DEFAULT NULL,
  `potencial_beneficio` varchar(200) DEFAULT NULL,
  `recursos_requeridos` varchar(200) DEFAULT NULL,
  `borrado` tinyint(1) NOT NULL,
  PRIMARY KEY (`oportunidades_tecnologicas_id`)
) ENGINE=InnoDB DEFAULT CHARSET=utf8;

#
# TABLE STRUCTURE FOR: organizacion
#

DROP TABLE IF EXISTS organizacion;

CREATE TABLE `organizacion` (
  `organizacion_id` bigint(20) NOT NULL AUTO_INCREMENT,
  `nombre` varchar(200) NOT NULL,
  `descripcion` varchar(200) NOT NULL,
  `moneda` varchar(50) NOT NULL COMMENT 'Nombre asociado a la moneda',
  `abrev_moneda` varchar(45) NOT NULL COMMENT 'Abreviatura de la moneda',
  `borrado` tinyint(1) NOT NULL DEFAULT '0',
  PRIMARY KEY (`organizacion_id`)
) ENGINE=InnoDB AUTO_INCREMENT=2 DEFAULT CHARSET=utf8 COMMENT='Almacena los datos básicos de la organización.';

INSERT INTO organizacion (`organizacion_id`, `nombre`, `descripcion`, `moneda`, `abrev_moneda`, `borrado`) VALUES (1, 'Ve', 'dsfsdf', 'Bolívar', 'Bs', 0);


#
# TABLE STRUCTURE FOR: personal
#

DROP TABLE IF EXISTS personal;

CREATE TABLE `personal` (
  `id_personal` bigint(20) NOT NULL AUTO_INCREMENT,
  `codigo_empleado` varchar(20) NOT NULL COMMENT 'Este identificador es el ID que se usa internamente en la organización para identificar a sus empleados',
  `id_departamento` bigint(20) NOT NULL,
  `nombre` varchar(100) NOT NULL,
  `cedula` varchar(20) NOT NULL,
  `email_personal` varchar(100) NOT NULL,
  `email_corporativo` varchar(100) DEFAULT NULL,
  `tlfn_personal` varchar(50) NOT NULL,
  `tlfn_corporativo` varchar(50) DEFAULT NULL,
  `cargo` varchar(200) NOT NULL,
  `fechaingreso_empresa` datetime NOT NULL,
  `fecha_creacion` datetime NOT NULL,
  `fecha_modificacion` timestamp NOT NULL DEFAULT CURRENT_TIMESTAMP ON UPDATE CURRENT_TIMESTAMP,
  PRIMARY KEY (`id_personal`),
  UNIQUE KEY `cedula` (`cedula`),
  UNIQUE KEY `email_personal` (`email_personal`),
  UNIQUE KEY `tlfn_personal` (`tlfn_personal`),
  UNIQUE KEY `id_organizacion` (`codigo_empleado`,`email_personal`,`email_corporativo`),
  KEY `id_departamento` (`id_departamento`),
  CONSTRAINT `personal_ibfk_1` FOREIGN KEY (`id_departamento`) REFERENCES `departamento` (`departamento_id`) ON DELETE NO ACTION ON UPDATE CASCADE
) ENGINE=InnoDB AUTO_INCREMENT=8 DEFAULT CHARSET=utf8;

INSERT INTO personal (`id_personal`, `codigo_empleado`, `id_departamento`, `nombre`, `cedula`, `email_personal`, `email_corporativo`, `tlfn_personal`, `tlfn_corporativo`, `cargo`, `fechaingreso_empresa`, `fecha_creacion`, `fecha_modificacion`) VALUES (1, 'LOG-001', 1, 'Fernando Pinto', 'V-19524910', 'f6rnando@gmail.com', 'f6rnando@sigitec.com', '0424-0000101', '0412-7439763', 'Gerente de departamento', '2014-01-06 00:00:00', '2014-07-21 11:53:15', '2014-07-23 12:14:12');
INSERT INTO personal (`id_personal`, `codigo_empleado`, `id_departamento`, `nombre`, `cedula`, `email_personal`, `email_corporativo`, `tlfn_personal`, `tlfn_corporativo`, `cargo`, `fechaingreso_empresa`, `fecha_creacion`, `fecha_modificacion`) VALUES (3, 'LOG-003', 2, 'Kelwin Gamez', 'V-20123456', 'kelwin@gmail.com', 'kelwingamez@sigitec.com', '0416-0102030', '0424-0708090', 'Gerente Investigador', '1969-12-31 20:00:00', '2014-07-23 12:16:10', '2014-07-23 12:16:10');
INSERT INTO personal (`id_personal`, `codigo_empleado`, `id_departamento`, `nombre`, `cedula`, `email_personal`, `email_corporativo`, `tlfn_personal`, `tlfn_corporativo`, `cargo`, `fechaingreso_empresa`, `fecha_creacion`, `fecha_modificacion`) VALUES (4, 'LOG-002', 1, 'Fernando Colmenares', 'V-19000698', 'fer_elsabrosom@gmail.com', 'fernandocolmenares@sigitec.com', '0424-7854125', '0424-0708090', 'Desarrollador Web', '2014-01-07 00:00:00', '2014-07-26 10:02:52', '2014-07-26 15:42:52');
INSERT INTO personal (`id_personal`, `codigo_empleado`, `id_departamento`, `nombre`, `cedula`, `email_personal`, `email_corporativo`, `tlfn_personal`, `tlfn_corporativo`, `cargo`, `fechaingreso_empresa`, `fecha_creacion`, `fecha_modificacion`) VALUES (5, 'LOG-004', 1, 'Gustavo Martínez', 'V-20147852', 'gustavito_elpro@gmail.com', 'gustavomartinez@sigitec.com', '0424-0100101', '0412-0505050', 'Gerente creativo', '1969-12-31 20:00:00', '2014-07-26 10:14:14', '2014-07-26 10:14:14');
INSERT INTO personal (`id_personal`, `codigo_empleado`, `id_departamento`, `nombre`, `cedula`, `email_personal`, `email_corporativo`, `tlfn_personal`, `tlfn_corporativo`, `cargo`, `fechaingreso_empresa`, `fecha_creacion`, `fecha_modificacion`) VALUES (6, 'LOG-005', 2, 'Harold Araujo', 'V-17458745', 'haroldo@gmail.com', 'haroldaraujo@sigitec.com', '0412-0022336', '0424-0909090', 'Desarrollador Web', '1969-12-31 20:00:00', '2014-07-26 10:15:47', '2014-07-26 10:15:47');
INSERT INTO personal (`id_personal`, `codigo_empleado`, `id_departamento`, `nombre`, `cedula`, `email_personal`, `email_corporativo`, `tlfn_personal`, `tlfn_corporativo`, `cargo`, `fechaingreso_empresa`, `fecha_creacion`, `fecha_modificacion`) VALUES (7, 'LOG-006', 2, 'Elier Cuicas', 'V-18877887', 'elier@gmail.com', 'eliercuicas@sigitec.com', '0424-1231231', '0416-1231231', 'Desarrollador Web', '2014-01-07 00:00:00', '2014-07-26 10:17:12', '2014-07-26 10:17:12');


#
# TABLE STRUCTURE FOR: plan_continuidad
#

DROP TABLE IF EXISTS plan_continuidad;

CREATE TABLE `plan_continuidad` (
  `id_continuidad` bigint(20) NOT NULL AUTO_INCREMENT,
  `codigo` varchar(20) NOT NULL,
  `denominacion` varchar(100) NOT NULL,
  `id_riesgo` bigint(20) NOT NULL,
  `id_departamento` bigint(20) NOT NULL,
  `id_empleado` bigint(20) NOT NULL,
  `id_estado` bigint(20) NOT NULL,
  `id_estrategia` bigint(20) NOT NULL,
  `tipo_plan` varchar(20) NOT NULL,
  `id_crisis` bigint(20) NOT NULL,
  `desc_crisis` text NOT NULL,
  `id_recuperacion` bigint(20) NOT NULL,
  `desc_recuperacion` text NOT NULL,
  `id_logistica` bigint(20) NOT NULL,
  `desc_logistica` text NOT NULL,
  `id_rrpp` bigint(20) NOT NULL,
  `desc_rrpp` text NOT NULL,
  `id_pruebas` bigint(20) NOT NULL,
  `desc_pruebas` text NOT NULL,
  `consideraciones` text,
  `pdf` varchar(300) DEFAULT NULL,
  `fecha_creacion` datetime NOT NULL,
  `fecha_modificacion` timestamp NOT NULL DEFAULT CURRENT_TIMESTAMP ON UPDATE CURRENT_TIMESTAMP,
  PRIMARY KEY (`id_continuidad`),
  UNIQUE KEY `codigo` (`codigo`),
  KEY `id_riesgo` (`id_riesgo`),
  KEY `id_departamento` (`id_departamento`),
  KEY `id_empleado` (`id_empleado`),
  KEY `id_estado` (`id_estado`),
  KEY `id_crisis` (`id_crisis`),
  KEY `id_recuperacion` (`id_recuperacion`),
  KEY `id_logistica` (`id_logistica`),
  KEY `id_rrpp` (`id_rrpp`),
  KEY `id_pruebas` (`id_pruebas`),
  KEY `id_estrategia` (`id_estrategia`),
  CONSTRAINT `plan_continuidad_ibfk_1` FOREIGN KEY (`id_riesgo`) REFERENCES `riesgos_amenazas` (`id_riesgo`) ON DELETE CASCADE ON UPDATE CASCADE,
  CONSTRAINT `plan_continuidad_ibfk_10` FOREIGN KEY (`id_estrategia`) REFERENCES `estrategias_recuperacion` (`id_estrategia`) ON DELETE CASCADE ON UPDATE CASCADE,
  CONSTRAINT `plan_continuidad_ibfk_2` FOREIGN KEY (`id_departamento`) REFERENCES `departamento` (`departamento_id`) ON DELETE CASCADE ON UPDATE CASCADE,
  CONSTRAINT `plan_continuidad_ibfk_3` FOREIGN KEY (`id_empleado`) REFERENCES `personal` (`id_personal`) ON DELETE CASCADE ON UPDATE CASCADE,
  CONSTRAINT `plan_continuidad_ibfk_4` FOREIGN KEY (`id_estado`) REFERENCES `usuarios_estado` (`id_estado`) ON DELETE CASCADE ON UPDATE CASCADE,
  CONSTRAINT `plan_continuidad_ibfk_5` FOREIGN KEY (`id_crisis`) REFERENCES `equipo_pcn` (`id_equipo`) ON DELETE CASCADE ON UPDATE CASCADE,
  CONSTRAINT `plan_continuidad_ibfk_6` FOREIGN KEY (`id_recuperacion`) REFERENCES `equipo_pcn` (`id_equipo`) ON DELETE CASCADE ON UPDATE CASCADE,
  CONSTRAINT `plan_continuidad_ibfk_7` FOREIGN KEY (`id_logistica`) REFERENCES `equipo_pcn` (`id_equipo`) ON DELETE CASCADE ON UPDATE CASCADE,
  CONSTRAINT `plan_continuidad_ibfk_8` FOREIGN KEY (`id_rrpp`) REFERENCES `equipo_pcn` (`id_equipo`) ON DELETE CASCADE ON UPDATE CASCADE,
  CONSTRAINT `plan_continuidad_ibfk_9` FOREIGN KEY (`id_pruebas`) REFERENCES `equipo_pcn` (`id_equipo`) ON DELETE CASCADE ON UPDATE CASCADE
) ENGINE=InnoDB AUTO_INCREMENT=6 DEFAULT CHARSET=utf8;

INSERT INTO plan_continuidad (`id_continuidad`, `codigo`, `denominacion`, `id_riesgo`, `id_departamento`, `id_empleado`, `id_estado`, `id_estrategia`, `tipo_plan`, `id_crisis`, `desc_crisis`, `id_recuperacion`, `desc_recuperacion`, `id_logistica`, `desc_logistica`, `id_rrpp`, `desc_rrpp`, `id_pruebas`, `desc_pruebas`, `consideraciones`, `pdf`, `fecha_creacion`, `fecha_modificacion`) VALUES (4, 'PCN002', 'Reacción contra fuego inminente', 4, 1, 5, 2, 2, 'reactivo', 1, '$view[\'valoracion\'] = $valoracion;\n		$view[\'crisis\'] = $this->riesgos->get_allteams(array(\'e.id_tipo\'=>1));\n		$view[\'recuperacion\'] = $this->riesgos->get_allteams(array(\'e.id_tipo\'=>2));', 3, '$view[\'valoracion\'] = $valoracion;\n		$view[\'crisis\'] = $this->riesgos->get_allteams(array(\'e.id_tipo\'=>1));\n		$view[\'recuperacion\'] = $this->riesgos->get_allteams(array(\'e.id_tipo\'=>2));', 5, '$view[\'valoracion\'] = $valoracion;\n		$view[\'crisis\'] = $this->riesgos->get_allteams(array(\'e.id_tipo\'=>1));\n		$view[\'recuperacion\'] = $this->riesgos->get_allteams(array(\'e.id_tipo\'=>2));', 7, '$view[\'valoracion\'] = $valoracion;\n		$view[\'crisis\'] = $this->riesgos->get_allteams(array(\'e.id_tipo\'=>1));\n		$view[\'recuperacion\'] = $this->riesgos->get_allteams(array(\'e.id_tipo\'=>2));', 9, '$view[\'valoracion\'] = $valoracion;\n		$view[\'crisis\'] = $this->riesgos->get_allteams(array(\'e.id_tipo\'=>1));\n		$view[\'recuperacion\'] = $this->riesgos->get_allteams(array(\'e.id_tipo\'=>2));', 'Recordar reemplazar o rellenar los extintores', NULL, '2014-09-23 17:37:01', '2014-09-29 14:57:33');
INSERT INTO plan_continuidad (`id_continuidad`, `codigo`, `denominacion`, `id_riesgo`, `id_departamento`, `id_empleado`, `id_estado`, `id_estrategia`, `tipo_plan`, `id_crisis`, `desc_crisis`, `id_recuperacion`, `desc_recuperacion`, `id_logistica`, `desc_logistica`, `id_rrpp`, `desc_rrpp`, `id_pruebas`, `desc_pruebas`, `consideraciones`, `pdf`, `fecha_creacion`, `fecha_modificacion`) VALUES (5, 'PCN003', 'Error de calculo del sistema', 10, 2, 6, 2, 3, 'proactivo', 12, 'aaaaaaaaaaaaaa aaaaaaaaaaaaaaaaaaaaaaa aaaaaaaaaaaaaaaaa aaaaaaaaaaaaaaaaaaaaaaaa', 4, 'bbbbbbbbbbbbbbbbbbbbb  bbbbbbbbbbbbbbbbbbb bbbbbbbbbbbbbbbbbbbbbb bbbbbbbbbbbbbbbbbbbbbb bbbbbbbbbbbbbb', 5, 'cccccccccccccccccccccccccccc ccccccccccccccccccccc cccccccccccccccccc ccccccccccccccc cccccccccccccccc', 7, 'dddddddddddddd ddddddddddddddd dddddddddddddd dddddddddddddddd', 9, 'eeeeeeeeee eeeeeeeeeee eeeeeeeeee eeeeeeeeeee eeeeeeeeeeeeee eeeeeeeeeeeeeeeeeeeeeeeeeeeeeee', 'fffffffffffff ffffffffffffffffffff fffffffffffffffffffffffff fffffffffff fffffffffffff ffffffffffffffffffff fffffffffffffffffffffffff fffffffffff fffffffffffff ffffffffffffffffffff fffffffffffffffffffffffff fffffffffff fffffffffffff ffffffffffffffffffff fffffffffffffffffffffffff fffffffffff fffffffffffff ffffffffffffffffffff fffffffffffffffffffffffff fffffffffff fffffffffffff ffffffffffffffffffff fffffffffffffffffffffffff fffffffffff ', '/var/www/html/tesis/assets/back/continuidad_uploads/error_de_calculo_del_sistema.pdf', '2014-09-28 19:57:41', '2014-09-29 14:57:36');


#
# TABLE STRUCTURE FOR: presupuesto
#

DROP TABLE IF EXISTS presupuesto;

CREATE TABLE `presupuesto` (
  `presupuesto_id` bigint(20) NOT NULL AUTO_INCREMENT COMMENT 'Clave Primaria',
  `monto` double NOT NULL COMMENT 'Cantidad de dinero asociada.',
  `departamento_id` bigint(20) NOT NULL COMMENT 'FK departamento',
  `tipo` enum('INV','SER') NOT NULL COMMENT 'Dominio:{INV,SER}',
  `fecha_creacion` datetime NOT NULL,
  `borrado` tinyint(1) NOT NULL DEFAULT '0',
  PRIMARY KEY (`presupuesto_id`),
  KEY `fk_presupuesto_1_departamento_idx` (`departamento_id`),
  CONSTRAINT `fk_presupuesto_1_departamento` FOREIGN KEY (`departamento_id`) REFERENCES `departamento` (`departamento_id`) ON DELETE CASCADE ON UPDATE CASCADE
) ENGINE=InnoDB DEFAULT CHARSET=utf8 COMMENT='Es un presupuesto generado en función de los precios de cada elemento';

#
# TABLE STRUCTURE FOR: presupuesto_item
#

DROP TABLE IF EXISTS presupuesto_item;

CREATE TABLE `presupuesto_item` (
  `presupuesto_item_id` bigint(20) NOT NULL AUTO_INCREMENT,
  `presupuesto_id` bigint(20) NOT NULL,
  `nombre` varchar(100) NOT NULL COMMENT 'Nombre del ítem',
  `precio` double NOT NULL COMMENT 'precio del item, éste puede ser u',
  `borrado` tinyint(1) NOT NULL DEFAULT '0',
  PRIMARY KEY (`presupuesto_item_id`),
  KEY `fk_presupuesto_item_1_presupuesto_idx` (`presupuesto_id`),
  CONSTRAINT `fk_presupuesto_item_1_presupuesto` FOREIGN KEY (`presupuesto_id`) REFERENCES `presupuesto` (`presupuesto_id`) ON DELETE CASCADE ON UPDATE CASCADE
) ENGINE=InnoDB DEFAULT CHARSET=utf8 COMMENT='Ítem de un presupuesto';

#
# TABLE STRUCTURE FOR: proceso_historial
#

DROP TABLE IF EXISTS proceso_historial;

CREATE TABLE `proceso_historial` (
  `proceso_historial_id` bigint(20) NOT NULL AUTO_INCREMENT COMMENT 'Clave primaria',
  `thread` varchar(6) NOT NULL,
  `comando_ejecutable` varchar(20) NOT NULL,
  `mac_dir` varchar(100) NOT NULL,
  `pagina_errores` int(11) NOT NULL,
  `tasa_ram` int(11) NOT NULL,
  `tasa_cpu` int(11) NOT NULL COMMENT 'La tasa de CPU se basa en el',
  `operaciones_lectura_dd` int(11) NOT NULL,
  `operaciones_escritura_dd` int(11) NOT NULL,
  `tasa_lectura_dd` int(11) NOT NULL,
  `tasa_escritura_dd` int(11) NOT NULL,
  `tasa_transferencia_dd` int(11) NOT NULL,
  `tiempo_online` int(11) NOT NULL,
  `estado_proceso` varchar(1) NOT NULL,
  `pid_lista` varchar(300) NOT NULL,
  `borrado` tinyint(1) NOT NULL DEFAULT '0',
  `timestamp` timestamp NOT NULL DEFAULT CURRENT_TIMESTAMP ON UPDATE CURRENT_TIMESTAMP,
  PRIMARY KEY (`proceso_historial_id`)
) ENGINE=InnoDB DEFAULT CHARSET=utf8 COMMENT='Guarda la información en detalle de cada uno de los procesos';

#
# TABLE STRUCTURE FOR: proceso_negocio
#

DROP TABLE IF EXISTS proceso_negocio;

CREATE TABLE `proceso_negocio` (
  `procesoneg_id` bigint(10) NOT NULL AUTO_INCREMENT,
  `id_departamento` bigint(20) NOT NULL,
  `nombre` varchar(150) NOT NULL,
  `descripcion` text NOT NULL,
  PRIMARY KEY (`procesoneg_id`)
) ENGINE=InnoDB AUTO_INCREMENT=2 DEFAULT CHARSET=latin1;

INSERT INTO proceso_negocio (`procesoneg_id`, `id_departamento`, `nombre`, `descripcion`) VALUES (1, 2, 'nombre', '<p>aperiam, eaque ipsa quae ab illo inventore veritatis et quasi architecto beatae vitae dicta sunt explicabo. Nemo enim ipsam voluptatem quia voluptas sit aspernatur aut odit aut fugit, sed quia</p>');


#
# TABLE STRUCTURE FOR: respaldo_db
#

DROP TABLE IF EXISTS respaldo_db;

CREATE TABLE `respaldo_db` (
  `id_respaldo` bigint(20) NOT NULL AUTO_INCREMENT,
  `descripcion` varchar(300) NOT NULL,
  `ruta` varchar(300) NOT NULL,
  `fecha_creacion` datetime NOT NULL,
  PRIMARY KEY (`id_respaldo`)
) ENGINE=InnoDB DEFAULT CHARSET=utf8mb4;

#
# TABLE STRUCTURE FOR: riesgos_amenazas
#

DROP TABLE IF EXISTS riesgos_amenazas;

CREATE TABLE `riesgos_amenazas` (
  `id_riesgo` bigint(20) NOT NULL AUTO_INCREMENT,
  `id_categoria` bigint(20) NOT NULL,
  `denominacion` varchar(100) NOT NULL,
  `probabilidad` varchar(50) NOT NULL,
  `impacto` varchar(50) NOT NULL,
  `valoracion` varchar(20) NOT NULL,
  PRIMARY KEY (`id_riesgo`),
  UNIQUE KEY `denominacion` (`denominacion`),
  KEY `id_categoria` (`id_categoria`),
  CONSTRAINT `riesgos_amenazas_ibfk_1` FOREIGN KEY (`id_categoria`) REFERENCES `categorias_riesgos` (`id_categoria`) ON DELETE CASCADE ON UPDATE CASCADE
) ENGINE=InnoDB AUTO_INCREMENT=23 DEFAULT CHARSET=utf8;

INSERT INTO riesgos_amenazas (`id_riesgo`, `id_categoria`, `denominacion`, `probabilidad`, `impacto`, `valoracion`) VALUES (1, 1, 'Huracán', 'Baja', 'Medio', 'Media-Baja');
INSERT INTO riesgos_amenazas (`id_riesgo`, `id_categoria`, `denominacion`, `probabilidad`, `impacto`, `valoracion`) VALUES (2, 1, 'Inundación', 'Media', 'Medio-Alto', 'Media-Alta');
INSERT INTO riesgos_amenazas (`id_riesgo`, `id_categoria`, `denominacion`, `probabilidad`, `impacto`, `valoracion`) VALUES (3, 1, 'Incendio', 'Media-Baja', 'Alto', 'Media-Alta');
INSERT INTO riesgos_amenazas (`id_riesgo`, `id_categoria`, `denominacion`, `probabilidad`, `impacto`, `valoracion`) VALUES (4, 2, 'Fuego fortuito', 'Media', 'Alto', 'Media-Alta');
INSERT INTO riesgos_amenazas (`id_riesgo`, `id_categoria`, `denominacion`, `probabilidad`, `impacto`, `valoracion`) VALUES (5, 2, 'Fallo del aire acondicionado', 'Media-Baja', 'Medio', 'Media-Baja');
INSERT INTO riesgos_amenazas (`id_riesgo`, `id_categoria`, `denominacion`, `probabilidad`, `impacto`, `valoracion`) VALUES (6, 2, 'Exceso de humedad', 'Baja', 'Bajo', 'Baja');
INSERT INTO riesgos_amenazas (`id_riesgo`, `id_categoria`, `denominacion`, `probabilidad`, `impacto`, `valoracion`) VALUES (7, 2, 'Humo y/o Gases tóxicos', 'Baja', 'Medio-Alto', 'Media-Baja');
INSERT INTO riesgos_amenazas (`id_riesgo`, `id_categoria`, `denominacion`, `probabilidad`, `impacto`, `valoracion`) VALUES (8, 2, 'Fallo del UPS', 'Media', 'Medio-Alto', 'Media-Alta');
INSERT INTO riesgos_amenazas (`id_riesgo`, `id_categoria`, `denominacion`, `probabilidad`, `impacto`, `valoracion`) VALUES (9, 2, 'Accidentes de personal', 'Media', 'Medio', 'Media');
INSERT INTO riesgos_amenazas (`id_riesgo`, `id_categoria`, `denominacion`, `probabilidad`, `impacto`, `valoracion`) VALUES (10, 2, 'Errores de operación', 'Media-Alta', 'Alto', 'Alta');
INSERT INTO riesgos_amenazas (`id_riesgo`, `id_categoria`, `denominacion`, `probabilidad`, `impacto`, `valoracion`) VALUES (11, 3, 'Actos de vandalismo', 'Media-Baja', 'Alto', 'Media-Alta');
INSERT INTO riesgos_amenazas (`id_riesgo`, `id_categoria`, `denominacion`, `probabilidad`, `impacto`, `valoracion`) VALUES (12, 3, 'Manipulación de datos/software', 'Media-Baja', 'Alto', 'Media-Alta');
INSERT INTO riesgos_amenazas (`id_riesgo`, `id_categoria`, `denominacion`, `probabilidad`, `impacto`, `valoracion`) VALUES (13, 3, 'Manipulación de hardware', 'Media', 'Alto', 'Media-Alta');
INSERT INTO riesgos_amenazas (`id_riesgo`, `id_categoria`, `denominacion`, `probabilidad`, `impacto`, `valoracion`) VALUES (14, 4, 'Explosivos', 'Media-Alta', 'Medio-Alto', 'Media-Alta');
INSERT INTO riesgos_amenazas (`id_riesgo`, `id_categoria`, `denominacion`, `probabilidad`, `impacto`, `valoracion`) VALUES (15, 4, 'Accesos no autorizados al recinto', 'Media-Baja', 'Alto', 'Media-Alta');
INSERT INTO riesgos_amenazas (`id_riesgo`, `id_categoria`, `denominacion`, `probabilidad`, `impacto`, `valoracion`) VALUES (19, 6, 'Daños a la propiedad privada', 'Baja', 'Medio', 'Media-Baja');
INSERT INTO riesgos_amenazas (`id_riesgo`, `id_categoria`, `denominacion`, `probabilidad`, `impacto`, `valoracion`) VALUES (21, 4, 'Robo', 'Media-Alta', 'Medio-Alto', 'Media-Alta');
INSERT INTO riesgos_amenazas (`id_riesgo`, `id_categoria`, `denominacion`, `probabilidad`, `impacto`, `valoracion`) VALUES (22, 9, 'Extravío de copias de seguridad', 'Baja', 'Alto', 'Media');


#
# TABLE STRUCTURE FOR: roles
#

DROP TABLE IF EXISTS roles;

CREATE TABLE `roles` (
  `id_rol` bigint(20) NOT NULL AUTO_INCREMENT,
  `rol` varchar(20) NOT NULL,
  PRIMARY KEY (`id_rol`)
) ENGINE=InnoDB AUTO_INCREMENT=3 DEFAULT CHARSET=utf8;

INSERT INTO roles (`id_rol`, `rol`) VALUES (1, 'administrador');
INSERT INTO roles (`id_rol`, `rol`) VALUES (2, 'general');


#
# TABLE STRUCTURE FOR: servicio
#

DROP TABLE IF EXISTS servicio;

CREATE TABLE `servicio` (
  `servicio_id` bigint(20) NOT NULL AUTO_INCREMENT COMMENT 'Clave primaria',
  `nombre` varchar(100) NOT NULL COMMENT 'Nombre asociado al servicio',
  `descripcion` varchar(100) NOT NULL COMMENT 'Describe el funcionamiento',
  `fecha_creacion` datetime NOT NULL,
  `tipo` enum('SYS','USR') NOT NULL DEFAULT 'USR' COMMENT 'Para identificar el',
  `genera_ingresos` tinyint(1) NOT NULL,
  `cantidad_ingresos` int(11) DEFAULT NULL COMMENT 'Cantidad de Ingresos , sólo est',
  `borrado` tinyint(1) NOT NULL DEFAULT '0',
  PRIMARY KEY (`servicio_id`)
) ENGINE=InnoDB DEFAULT CHARSET=utf8 COMMENT='Representa el catálogo de servicios de la infaestructura de';

#
# TABLE STRUCTURE FOR: servicio_categoria
#

DROP TABLE IF EXISTS servicio_categoria;

CREATE TABLE `servicio_categoria` (
  `categoria_id` bigint(10) NOT NULL AUTO_INCREMENT,
  `nombre` varchar(150) NOT NULL,
  `descripcion` text NOT NULL,
  PRIMARY KEY (`categoria_id`)
) ENGINE=InnoDB AUTO_INCREMENT=5 DEFAULT CHARSET=utf8 COMMENT='Tabla para almacenar los nombres de las Categorías de Servicios';

INSERT INTO servicio_categoria (`categoria_id`, `nombre`, `descripcion`) VALUES (1, 'Servicio de Bases de Datos', 'Los servicios de soporte a las bases de datos se han diseñado para proveer ayuda cualificada en la configuración y gestión diaria de diversos y populares paquetes de bases de datos. Los servicios incluyen instalación y configuración de software de bases de datos, además de resolución de problemas, actualización e instalación de parches, cambios de configuración, rotación de ficheros de registro, depuraciones, archivado y ajuste del rendimiento para ayudarle a optimizar el rendimiento de su sitio Web y la satisfacción del usuario final.');
INSERT INTO servicio_categoria (`categoria_id`, `nombre`, `descripcion`) VALUES (2, 'Servicio de Almacenamiento', 'El servicio de almacenamiento proporciona una sólida combinación de hardware y software para la gestión de las necesidades de almacenamiento fiable de datos e información del cliente');
INSERT INTO servicio_categoria (`categoria_id`, `nombre`, `descripcion`) VALUES (3, 'Servicio de Negocio', 'Servicio de TI que sustenta directamente un Proceso de Negocio, en contraposición a un Servicio de Infraestructura que es usado internamente por el Proveedor de Servicios de TI y normalmente no tiene visibilidad hacía el Negocio. El término Servicio de Negocio también se usa para definir un Servicio que se provee a Clientes de Negocio a través de Unidades de Negocio. Por ejemplo la provisión de servicios financieros a Clientes de un banco, o la provisión de bienes a Clientes en una tienda de venta al por menor. La provisión exitosa de Servicios de Negocio a menudo depende de uno o más Servicios de TI.');
INSERT INTO servicio_categoria (`categoria_id`, `nombre`, `descripcion`) VALUES (4, 'Servicio de Infraestructura', '<p>Un Servicio de TI que no es usado directamente por el Negocio, pero que es requerido por el Proveedor de Servicio de TI de modo que pueda proporcionar otros Servicios de TI. Por ejemplo Servicios de Directorio, servicios de nombrado o servicios de comunicación.</p>');


#
# TABLE STRUCTURE FOR: servicio_costo
#

DROP TABLE IF EXISTS servicio_costo;

CREATE TABLE `servicio_costo` (
  `servicio_costo_id` bigint(20) NOT NULL AUTO_INCREMENT,
  `servicio_id` bigint(20) NOT NULL COMMENT 'fk en servicio',
  `fecha_valoracion` datetime NOT NULL COMMENT 'Fecha en la cual',
  `nivel_criticidad` int(11) NOT NULL DEFAULT '0' COMMENT 'Define que tan crític',
  `borrado` tinyint(1) NOT NULL DEFAULT '0',
  PRIMARY KEY (`servicio_costo_id`),
  KEY `fk_servicio_costo_1_servicio_idx` (`servicio_id`),
  CONSTRAINT `fk_servicio_costo_1_servicio` FOREIGN KEY (`servicio_id`) REFERENCES `servicio` (`servicio_id`) ON DELETE CASCADE ON UPDATE CASCADE
) ENGINE=InnoDB DEFAULT CHARSET=utf8 COMMENT='Costo asociado a un servicio, que incluso podrían tener varios costos asociados según la variación que este pueda tener en el tiempo';

#
# TABLE STRUCTURE FOR: servicio_historial
#

DROP TABLE IF EXISTS servicio_historial;

CREATE TABLE `servicio_historial` (
  `servicio_historial_id` bigint(20) NOT NULL AUTO_INCREMENT,
  `servicio_id` bigint(20) NOT NULL,
  `energia_consumida` int(11) NOT NULL COMMENT 'Número de (MEDIDA) unidades de medida',
  `tiempo_ejecucion_total` int(11) NOT NULL COMMENT 'Tiempo total de ejecución de un servicio',
  `tiempo_espera_critico_total` int(11) NOT NULL COMMENT 'Tiempo total de espera crítico de un servicio.',
  `tiempo_espera_regular_total` int(11) NOT NULL COMMENT 'Tiempo de espera regular total de un servicio',
  `num_caidas` int(11) NOT NULL,
  `tiempo_inactividad` int(11) NOT NULL,
  `frecuencia_id` int(11) NOT NULL,
  `fecha_creacion` date NOT NULL,
  `borrado` tinyint(1) NOT NULL DEFAULT '0',
  PRIMARY KEY (`servicio_historial_id`),
  KEY `fk_servicio_historial_servicio_idx` (`servicio_id`),
  CONSTRAINT `fk_servicio_historial_1_servicio` FOREIGN KEY (`servicio_id`) REFERENCES `servicio` (`servicio_id`) ON DELETE CASCADE ON UPDATE CASCADE
) ENGINE=InnoDB DEFAULT CHARSET=utf8 COMMENT='Almacena el historial de un servicio, que representa la totalizaciones de los cálculos previamente registrados.';

#
# TABLE STRUCTURE FOR: servicio_proceso
#

DROP TABLE IF EXISTS servicio_proceso;

CREATE TABLE `servicio_proceso` (
  `servicio_proceso_id` bigint(20) NOT NULL AUTO_INCREMENT,
  `servicio_id` bigint(20) NOT NULL,
  `nombre` varchar(200) NOT NULL,
  `tipo` varchar(10) DEFAULT NULL,
  `descripcion` varchar(200) DEFAULT NULL,
  `borrado` tinyint(1) NOT NULL DEFAULT '0',
  PRIMARY KEY (`servicio_proceso_id`),
  UNIQUE KEY `nombre_UNIQUE` (`nombre`),
  KEY `fk_servicio_proceso_1_servicio_idx` (`servicio_id`),
  CONSTRAINT `fk_servicio_proceso_1_servicio` FOREIGN KEY (`servicio_id`) REFERENCES `servicio` (`servicio_id`) ON DELETE CASCADE ON UPDATE CASCADE
) ENGINE=InnoDB DEFAULT CHARSET=utf8 COMMENT='Representa todos los procesos que se encuentrarán asociados a un servicio previamente definido';

#
# TABLE STRUCTURE FOR: servicio_proveedor
#

DROP TABLE IF EXISTS servicio_proveedor;

CREATE TABLE `servicio_proveedor` (
  `proveedor_id` bigint(20) NOT NULL AUTO_INCREMENT,
  `nombre` varchar(150) NOT NULL,
  `descripcion` text NOT NULL,
  `tipo` varchar(150) NOT NULL,
  PRIMARY KEY (`proveedor_id`)
) ENGINE=InnoDB AUTO_INCREMENT=7 DEFAULT CHARSET=latin1;

INSERT INTO servicio_proveedor (`proveedor_id`, `nombre`, `descripcion`, `tipo`) VALUES (5, 'Departamento 1', '<p>Proveedor de Servicios de Ti. </p>', 'Proveedor Interno');
INSERT INTO servicio_proveedor (`proveedor_id`, `nombre`, `descripcion`, `tipo`) VALUES (6, 'Departamento 2', '<p>Proveedor de Servicios de ofimatica</p>', 'Proveedor Interno');


#
# TABLE STRUCTURE FOR: servicio_tipo
#

DROP TABLE IF EXISTS servicio_tipo;

CREATE TABLE `servicio_tipo` (
  `tipo_id` bigint(20) NOT NULL AUTO_INCREMENT,
  `nombre` varchar(100) CHARACTER SET utf8 NOT NULL,
  `descripcion` text CHARACTER SET utf8 NOT NULL,
  PRIMARY KEY (`tipo_id`)
) ENGINE=InnoDB AUTO_INCREMENT=3 DEFAULT CHARSET=latin1;

INSERT INTO servicio_tipo (`tipo_id`, `nombre`, `descripcion`) VALUES (1, 'Servicio Orientado al Cliente', 'Un servicio Orientado al cliente es un Servicio de TI que es visible para el cliente. Los datos típicos que se registran son los que conectan con el negocio, aunque la información de la capa de soporte puede ser registrada, así como para uso interno del proveedor de Servicios de TI.');
INSERT INTO servicio_tipo (`tipo_id`, `nombre`, `descripcion`) VALUES (2, 'Servicio de Soporte', 'Un Servicio de Soporte es un Servicio de TI que no se utiliza directamente por la empresa, pero es requerido por el proveedor de Servicios de TI para ofrecer servicios de cara al cliente (por ejemplo, un Servicio de Directorio o un Servicio de Copia de Seguridad). Los servicios de Soporte de TI también pueden incluir sólo los Servicios utilizados por el Proveedor de Servicios de TI. La información típica que deben tomarse son las de la capa de soporte.');


#
# TABLE STRUCTURE FOR: tarea
#

DROP TABLE IF EXISTS tarea;

CREATE TABLE `tarea` (
  `tarea_id` bigint(20) NOT NULL AUTO_INCREMENT COMMENT 'Clave primaria',
  `servicio_id` bigint(20) NOT NULL,
  `descripcion` varchar(100) DEFAULT NULL COMMENT 'Descripción de la tarea qu',
  `horario_desde` time NOT NULL COMMENT 'Tiempo de inicio del proceso',
  `horario_hasta` time NOT NULL COMMENT 'Tiempo de fin del servicio',
  `borrado` tinyint(1) NOT NULL DEFAULT '0',
  PRIMARY KEY (`tarea_id`),
  KEY `fk_tarea_1_servicio_idx` (`servicio_id`),
  CONSTRAINT `fk_tarea_1_servicio` FOREIGN KEY (`servicio_id`) REFERENCES `servicio` (`servicio_id`) ON DELETE CASCADE ON UPDATE CASCADE
) ENGINE=InnoDB DEFAULT CHARSET=utf8 COMMENT='Tiene como función llevar el control de los horarios de ejecución de los servicios.';

#
# TABLE STRUCTURE FOR: tarea_detalle
#

DROP TABLE IF EXISTS tarea_detalle;

CREATE TABLE `tarea_detalle` (
  `tarea_detalle_id` bigint(20) NOT NULL AUTO_INCREMENT,
  `tarea_id` bigint(20) NOT NULL COMMENT 'FK en "tareas".',
  `operacion` varchar(45) NOT NULL,
  `comando` varchar(45) DEFAULT NULL COMMENT 'Comando que se ejecutar',
  `borrado` tinyint(1) NOT NULL DEFAULT '0',
  PRIMARY KEY (`tarea_detalle_id`),
  KEY `fk_tarea_detalle_1_tarea_idx` (`tarea_id`),
  CONSTRAINT `fk_tarea_detalle_1_tarea` FOREIGN KEY (`tarea_id`) REFERENCES `tarea` (`tarea_id`) ON DELETE CASCADE ON UPDATE CASCADE
) ENGINE=InnoDB DEFAULT CHARSET=utf8 COMMENT='Detalle de asociado a la tabla de "tareas".';

#
# TABLE STRUCTURE FOR: tipo_estrategiasrecuperacion
#

DROP TABLE IF EXISTS tipo_estrategiasrecuperacion;

CREATE TABLE `tipo_estrategiasrecuperacion` (
  `id_tipoestrategia` bigint(20) NOT NULL AUTO_INCREMENT,
  `denominacion` varchar(100) NOT NULL,
  `parentesis` varchar(100) DEFAULT NULL,
  `descripcion` text NOT NULL,
  `costo` varchar(20) NOT NULL,
  `hardware` varchar(20) NOT NULL,
  `telecom` varchar(20) NOT NULL,
  `tiempo` varchar(20) NOT NULL,
  PRIMARY KEY (`id_tipoestrategia`)
) ENGINE=InnoDB AUTO_INCREMENT=7 DEFAULT CHARSET=utf8;

INSERT INTO tipo_estrategiasrecuperacion (`id_tipoestrategia`, `denominacion`, `parentesis`, `descripcion`, `costo`, `hardware`, `telecom`, `tiempo`) VALUES (1, 'Sitio en frío', 'Cold site', 'En esta opción, generalmente sólo se tiene aire acondicionado, potencia,enlaces de telecomunicaciones, y otros.', 'Bajo', 'No', 'No', 'Largo');
INSERT INTO tipo_estrategiasrecuperacion (`id_tipoestrategia`, `denominacion`, `parentesis`, `descripcion`, `costo`, `hardware`, `telecom`, `tiempo`) VALUES (2, 'Sitio semi-preparado', 'Warm site', 'En esta opción no se incluyen servidores específicos de alta capacidad.', 'Medio', 'Parcial', 'Parcial', 'Medio');
INSERT INTO tipo_estrategiasrecuperacion (`id_tipoestrategia`, `denominacion`, `parentesis`, `descripcion`, `costo`, `hardware`, `telecom`, `tiempo`) VALUES (3, 'Sitio preparado', 'Hot site', 'Normalmente esta configurado con todo el hardware y el software requerido para iniciar la recuperación a la mayor brevedad.', 'Alto', 'Completo', 'Parcial', 'Corto');
INSERT INTO tipo_estrategiasrecuperacion (`id_tipoestrategia`, `denominacion`, `parentesis`, `descripcion`, `costo`, `hardware`, `telecom`, `tiempo`) VALUES (4, 'Acuerdo recíproco', 'Otras organizaciones', 'Cuenta con Hardware, telecomunicaciones y tiempo variable. Depende del acuerdo al que se haya llegado con la otra organización.', 'Bajo', 'Parcial', 'Parcial', 'Medio');
INSERT INTO tipo_estrategiasrecuperacion (`id_tipoestrategia`, `denominacion`, `parentesis`, `descripcion`, `costo`, `hardware`, `telecom`, `tiempo`) VALUES (5, 'Sitio espejo', 'Mirror site', 'Se procesa cada transacción en paralelo con el sitio principal', 'Muy Alto', 'Completo', 'Completo', 'Mínimo');
INSERT INTO tipo_estrategiasrecuperacion (`id_tipoestrategia`, `denominacion`, `parentesis`, `descripcion`, `costo`, `hardware`, `telecom`, `tiempo`) VALUES (6, 'Sitios móviles', NULL, 'Cuenta con Hardware, telecomunicaciones y tiempo variable. Depende del contrato estipulado.', 'Alto', 'Variable', 'Variable', 'Variable');


#
# TABLE STRUCTURE FOR: tipoequipos_pcn
#

DROP TABLE IF EXISTS tipoequipos_pcn;

CREATE TABLE `tipoequipos_pcn` (
  `id_tipo` bigint(20) NOT NULL AUTO_INCREMENT,
  `tipo_equipo` varchar(20) NOT NULL,
  `denominacion` varchar(50) NOT NULL,
  PRIMARY KEY (`id_tipo`),
  UNIQUE KEY `equipo` (`tipo_equipo`,`denominacion`)
) ENGINE=InnoDB AUTO_INCREMENT=6 DEFAULT CHARSET=utf8;

INSERT INTO tipoequipos_pcn (`id_tipo`, `tipo_equipo`, `denominacion`) VALUES (1, 'crisis', 'Comité de crisis');
INSERT INTO tipoequipos_pcn (`id_tipo`, `tipo_equipo`, `denominacion`) VALUES (3, 'logistica', 'Equipo de logística');
INSERT INTO tipoequipos_pcn (`id_tipo`, `tipo_equipo`, `denominacion`) VALUES (5, 'pruebas', 'Equipo de pruebas y apoyo');
INSERT INTO tipoequipos_pcn (`id_tipo`, `tipo_equipo`, `denominacion`) VALUES (2, 'recuperacion', 'Equipo de recuperación');
INSERT INTO tipoequipos_pcn (`id_tipo`, `tipo_equipo`, `denominacion`) VALUES (4, 'rrpp', 'Equipo de relaciones públicas');


#
# TABLE STRUCTURE FOR: umbral
#

DROP TABLE IF EXISTS umbral;

CREATE TABLE `umbral` (
  `umbral_id` bigint(20) NOT NULL AUTO_INCREMENT,
  `servicio_id` bigint(20) NOT NULL,
  `descripcion` varchar(200) DEFAULT NULL,
  `tiempo_acordado` int(11) NOT NULL,
  `medida` enum('hh','mm','ss') NOT NULL COMMENT 'Unidad de medida del',
  `valor` int(11) NOT NULL,
  `borrado` tinyint(1) NOT NULL DEFAULT '0',
  PRIMARY KEY (`umbral_id`),
  KEY `fk_umbral_1_servicio_idx` (`servicio_id`),
  CONSTRAINT `fk_umbral_1_servicio` FOREIGN KEY (`servicio_id`) REFERENCES `servicio` (`servicio_id`) ON DELETE CASCADE ON UPDATE CASCADE
) ENGINE=InnoDB DEFAULT CHARSET=utf8;

#
# TABLE STRUCTURE FOR: usuarios
#

DROP TABLE IF EXISTS usuarios;

CREATE TABLE `usuarios` (
  `id_usuario` bigint(20) NOT NULL AUTO_INCREMENT,
  `id_rol` bigint(20) NOT NULL,
  `id_estado` bigint(20) NOT NULL,
  `permisologia` varchar(50) NOT NULL,
  `nombre` varchar(100) NOT NULL,
  `email` varchar(100) NOT NULL,
  `password` varchar(100) NOT NULL,
  `recuperacion` varchar(200) DEFAULT NULL,
  `creacion` datetime NOT NULL,
  `ultima_modificacion` timestamp NOT NULL DEFAULT CURRENT_TIMESTAMP,
  PRIMARY KEY (`id_usuario`),
  UNIQUE KEY `email` (`email`),
  KEY `id_rol` (`id_rol`),
  KEY `id_estado` (`id_estado`),
  CONSTRAINT `usuarios_ibfk_1` FOREIGN KEY (`id_rol`) REFERENCES `roles` (`id_rol`) ON DELETE CASCADE ON UPDATE CASCADE,
  CONSTRAINT `usuarios_ibfk_2` FOREIGN KEY (`id_estado`) REFERENCES `usuarios_estado` (`id_estado`) ON UPDATE CASCADE
) ENGINE=InnoDB AUTO_INCREMENT=3 DEFAULT CHARSET=utf8;

INSERT INTO usuarios (`id_usuario`, `id_rol`, `id_estado`, `permisologia`, `nombre`, `email`, `password`, `recuperacion`, `creacion`, `ultima_modificacion`) VALUES (1, 1, 1, 'all', 'Admin Administrador', 'admin@admin.com', '9dbf7c1488382487931d10235fc84a74bff5d2f4', NULL, '2013-12-09 14:43:47', '2013-12-09 19:14:07');
INSERT INTO usuarios (`id_usuario`, `id_rol`, `id_estado`, `permisologia`, `nombre`, `email`, `password`, `recuperacion`, `creacion`, `ultima_modificacion`) VALUES (2, 2, 1, '1,3,10,11,12,13,14,15,16,17,18,19,20,6', 'Fernando Pinto', 'f6rnando@gmail.com', 'ec3e661d7bc7bfbf5334e7dfad309f947dace5f7', NULL, '2014-07-26 09:53:41', '2014-07-26 09:53:41');


#
# TABLE STRUCTURE FOR: usuarios_estado
#

DROP TABLE IF EXISTS usuarios_estado;

CREATE TABLE `usuarios_estado` (
  `id_estado` bigint(20) NOT NULL AUTO_INCREMENT,
  `estado` varchar(100) NOT NULL,
  PRIMARY KEY (`id_estado`)
) ENGINE=InnoDB AUTO_INCREMENT=4 DEFAULT CHARSET=utf8;

INSERT INTO usuarios_estado (`id_estado`, `estado`) VALUES (1, 'activo');
INSERT INTO usuarios_estado (`id_estado`, `estado`) VALUES (2, 'inactivo');
INSERT INTO usuarios_estado (`id_estado`, `estado`) VALUES (3, 'bloqueado');


#
# TABLE STRUCTURE FOR: utileria
#

DROP TABLE IF EXISTS utileria;

CREATE TABLE `utileria` (
  `utileria_id` bigint(20) NOT NULL AUTO_INCREMENT,
  `nombre` varchar(200) NOT NULL,
  `costo` double NOT NULL,
  `fecha` datetime NOT NULL,
  `descripcion` varchar(250) NOT NULL,
  `borrado` tinyint(1) NOT NULL DEFAULT '0',
  PRIMARY KEY (`utileria_id`)
) ENGINE=InnoDB AUTO_INCREMENT=3 DEFAULT CHARSET=utf8;

INSERT INTO utileria (`utileria_id`, `nombre`, `costo`, `fecha`, `descripcion`, `borrado`) VALUES (1, 'prueba delete', '34', '2014-05-21 00:00:00', 'fsdf', 1);
INSERT INTO utileria (`utileria_id`, `nombre`, `costo`, `fecha`, `descripcion`, `borrado`) VALUES (2, 'trytry', '3454', '2014-06-20 00:00:00', 'gfhf', 0);


#
# TABLE STRUCTURE FOR: vulnerabilidades
#

DROP TABLE IF EXISTS vulnerabilidades;

CREATE TABLE `vulnerabilidades` (
  `id_vulnerabilidad` bigint(20) NOT NULL AUTO_INCREMENT,
  `vulnerabilidad` varchar(300) NOT NULL,
  PRIMARY KEY (`id_vulnerabilidad`)
) ENGINE=InnoDB AUTO_INCREMENT=25 DEFAULT CHARSET=utf8;

INSERT INTO vulnerabilidades (`id_vulnerabilidad`, `vulnerabilidad`) VALUES (1, 'Existencia de materiales inflamables por doquier (Papeles, cajas, combustibles)');
INSERT INTO vulnerabilidades (`id_vulnerabilidad`, `vulnerabilidad`) VALUES (2, 'Cableado inapropiado');
INSERT INTO vulnerabilidades (`id_vulnerabilidad`, `vulnerabilidad`) VALUES (3, 'Ancho de banda inapropiado');
INSERT INTO vulnerabilidades (`id_vulnerabilidad`, `vulnerabilidad`) VALUES (4, 'Suministro eléctrico inapropiado');
INSERT INTO vulnerabilidades (`id_vulnerabilidad`, `vulnerabilidad`) VALUES (5, 'Mantenimiento inapropiado');
INSERT INTO vulnerabilidades (`id_vulnerabilidad`, `vulnerabilidad`) VALUES (6, 'Ausencia de mantenimiento');
INSERT INTO vulnerabilidades (`id_vulnerabilidad`, `vulnerabilidad`) VALUES (7, 'Educación inadecuada del personal en virus y malware');
INSERT INTO vulnerabilidades (`id_vulnerabilidad`, `vulnerabilidad`) VALUES (8, 'Políticas de Firewall inadecuadas');
INSERT INTO vulnerabilidades (`id_vulnerabilidad`, `vulnerabilidad`) VALUES (9, 'Políticas de seguridad de información inadecuadas');
INSERT INTO vulnerabilidades (`id_vulnerabilidad`, `vulnerabilidad`) VALUES (10, 'Ausencia de políticas de seguridad');
INSERT INTO vulnerabilidades (`id_vulnerabilidad`, `vulnerabilidad`) VALUES (11, 'Derechos de acceso incorrectos');
INSERT INTO vulnerabilidades (`id_vulnerabilidad`, `vulnerabilidad`) VALUES (12, 'Ausencia de un sistema de extinción automática de incendios');
INSERT INTO vulnerabilidades (`id_vulnerabilidad`, `vulnerabilidad`) VALUES (13, 'Ausencia de respaldos');
INSERT INTO vulnerabilidades (`id_vulnerabilidad`, `vulnerabilidad`) VALUES (14, 'Ausencia de mecanismos de identificación y autenticación');
INSERT INTO vulnerabilidades (`id_vulnerabilidad`, `vulnerabilidad`) VALUES (15, 'Ausencia de política de restricción de personal para uso de licencias de software');
INSERT INTO vulnerabilidades (`id_vulnerabilidad`, `vulnerabilidad`) VALUES (16, 'Ubicación física en un área susceptible a desastres naturales');
INSERT INTO vulnerabilidades (`id_vulnerabilidad`, `vulnerabilidad`) VALUES (17, 'Carencia de software antivirus');
INSERT INTO vulnerabilidades (`id_vulnerabilidad`, `vulnerabilidad`) VALUES (18, 'Descarga incontrolada y uso de software de Internet');
INSERT INTO vulnerabilidades (`id_vulnerabilidad`, `vulnerabilidad`) VALUES (19, 'Ausencia de mecanismos de cifrado de datos para la transmisión de datos confidenciales ');
INSERT INTO vulnerabilidades (`id_vulnerabilidad`, `vulnerabilidad`) VALUES (20, 'Protección física de equipos inadecuada');
INSERT INTO vulnerabilidades (`id_vulnerabilidad`, `vulnerabilidad`) VALUES (21, 'Personal sin formación adecuada');
INSERT INTO vulnerabilidades (`id_vulnerabilidad`, `vulnerabilidad`) VALUES (22, 'Incumplimientos legales');
INSERT INTO vulnerabilidades (`id_vulnerabilidad`, `vulnerabilidad`) VALUES (23, 'Definición de privilegios de acceso inadecuada');
INSERT INTO vulnerabilidades (`id_vulnerabilidad`, `vulnerabilidad`) VALUES (24, 'Ausencia de Planes de Continuidad y Recuperación del Negocio');


